ivm1;0;1.4910907;1.025197025
ivm10;1.9684136;0;2.0418513441
ivm1003;0;1.4910907;1.025197025
ivm1004;0;1.4910907;1.025197025
ivm1005;1.3122757;1.4910907;1.4609060189
ivm1007;1.3122757;1.4910907;1.3156696876
ivm1008;1.3122757;1.4910907;1.1496853089
ivm1010;4.592965;5.964363;2.2102911427
ivm1011;1.3122757;0;1.0648069335
ivm1012;0;1.4910907;1.025197025
ivm1013;1.3122757;1.4910907;1.2430515219
ivm1014;1.3122757;2.9821815;1.0643301523
ivm1015;1.3122757;0;1.1450017655
ivm1016;2.6245514;0;1.2884837328
ivm1017;0;1.4910907;1.025197025
ivm1018;1.3122757;2.9821815;1.2657387584
ivm1019;3.936827;5.964363;1.4007253312
ivm102;0;1.4910907;1.025197025
ivm1020;1.9684136;0;1.5247815214
ivm1025;2.6245514;0;2.1713573759
ivm1027;1.9684136;0;1.4333111922
ivm1028;1.3122757;1.4910907;1.8966150128
ivm1029;1.3122757;2.9821815;1.0450224223
ivm1030;1.3122757;2.9821815;1.5349765995
ivm1031;1.9684136;1.4910907;2.1144695097
ivm1033;1.3122757;0;2.8471876366
ivm1034;1.3122757;1.4910907;1.4609060189
ivm1035;0;1.4910907;1.025197025
ivm1036;0;1.4910907;1.025197025
ivm1039;0;1.4910907;1.025197025
ivm104;0;1.4910907;1.025197025
ivm1040;0;1.4910907;1.025197025
ivm1041;0;1.4910907;1.025197025
ivm1042;0;1.4910907;1.025197025
ivm1044;1.3122757;1.4910907;1.8966150128
ivm1047;0;1.4910907;1.025197025
ivm1048;0;1.4910907;1.025197025
ivm105;0;1.4910907;1.025197025
ivm1050;0;1.4910907;1.025197025
ivm1051;3.2806893;4.4732722;2.0252097708
ivm1052;1.3122757;1.4910907;1.2430515219
ivm1053;0;1.4910907;1.025197025
ivm1054;0;1.4910907;1.025197025
ivm1055;0;1.4910907;1.025197025
ivm1056;0;1.4910907;1.025197025
ivm1057;0;1.4910907;1.025197025
ivm1058;0;1.4910907;1.025197025
ivm1059;0;1.4910907;1.025197025
ivm106;0;1.4910907;1.025197025
ivm1062;0;1.4910907;1.025197025
ivm1064;1.3122757;2.9821815;1.2784892419
ivm1065;1.3122757;1.4910907;1.8966150128
ivm1066;1.9684136;1.4910907;1.7513786815
ivm1067;0;1.4910907;1.025197025
ivm1070;1.9684136;0;2.266967916
ivm1071;1.3122757;2.9821815;1.1572713299
ivm1073;1.3122757;0;1.4609060189
ivm1074;5.249103;7.455453;2.3327512594
ivm1075;1.3122757;1.4910907;1.8966150128
ivm1076;1.3122757;1.4910907;1.1704333563
ivm1078;0;1.4910907;1.025197025
ivm1079;1.3122757;2.9821815;1.0549301299
ivm108;0;1.4910907;1.025197025
ivm1082;1.3122757;1.4910907;1.2430515219
ivm1083;0;1.4910907;1.025197025
ivm1086;0;1.4910907;1.025197025
ivm1088;1.9684136;2.9821815;1.4354744281
ivm1089;1.9684136;1.4910907;1.3156696876
ivm1092;0;1.4910907;1.025197025
ivm1095;2.6245514;2.9821815;1.5823945903
ivm1096;1.9684136;2.9821815;1.2919219277
ivm1097;0;1.4910907;1.025197025
ivm1099;0;1.4910907;1.025197025
ivm11;1.3122757;0;1.1994806225
ivm1100;1.3122757;2.9821815;1.2527340014
ivm1101;1.3122757;2.9821815;1.1176383301
ivm1102;1.9684136;2.9821815;1.5760797893
ivm1103;3.936827;5.964363;2.182007598
ivm1105;1.3122757;0;1.8312589221
ivm111;0;1.4910907;1.025197025
ivm1118;1.3122757;0;1.4609060189
ivm112;3.936827;1.4910907;4.031589083
ivm1120;1.9684136;0;1.1779427377
ivm1124;1.3122757;0;1.7273006882
ivm1126;1.3122757;0;2.4981051297
ivm1127;1.9684136;0;1.6787605158
ivm1128;1.3122757;0;1.0475410759
ivm1129;1.9684136;0;1.4110415509
ivm113;3.2806893;5.964363;1.8063413207
ivm1132;1.3122757;0;1.4095438789
ivm1135;2.6245514;4.4732722;1.6551596766
ivm1137;1.3122757;1.4910907;1.8966150128
ivm1138;0;1.4910907;1.025197025
ivm1139;1.3122757;1.4910907;1.1994806225
ivm114;4.592965;4.4732722;4.6455205727
ivm1140;0;1.4910907;1.025197025
ivm1141;0;1.4910907;1.025197025
ivm1142;1.3122757;0;1.3156696876
ivm1143;1.3122757;2.9821815;1.2379884739
ivm1144;1.3122757;1.4910907;1.4609060189
ivm1145;0;1.4910907;1.025197025
ivm1148;0;1.4910907;1.025197025
ivm1149;0;1.4910907;1.025197025
ivm115;0;1.4910907;1.025197025
ivm1150;1.3122757;1.4910907;1.8966150128
ivm1151;0;1.4910907;1.025197025
ivm1157;1.3122757;1.4910907;1.2430515219
ivm1159;0;1.4910907;1.025197025
ivm116;0;1.4910907;1.025197025
ivm1161;0;1.4910907;1.025197025
ivm1163;0;1.4910907;1.025197025
ivm1164;0;1.4910907;1.025197025
ivm1166;0;1.4910907;1.025197025
ivm1167;3.2806893;4.4732722;1.3825664324
ivm117;0;1.4910907;1.025197025
ivm1170;1.9684136;2.9821815;1.5952496684
ivm1171;3.2806893;4.4732722;1.4121227337
ivm1173;0;1.4910907;1.025197025
ivm1174;0;1.4910907;1.025197025
ivm1175;0;1.4910907;1.025197025
ivm1176;1.3122757;1.4910907;1.1704333563
ivm1179;0;1.4910907;1.025197025
ivm1181;0;1.4910907;1.025197025
ivm1182;0;1.4910907;1.025197025
ivm1183;0;1.4910907;1.025197025
ivm1187;1.3122757;1.4910907;1.4609060189
ivm119;3.936827;2.9821815;2.4183766234
ivm1190;0;1.4910907;1.025197025
ivm1192;0;1.4910907;1.025197025
ivm1193;0;1.4910907;1.025197025
ivm1194;0;1.4910907;1.025197025
ivm1196;0;1.4910907;1.025197025
ivm1197;1.3122757;1.4910907;1.0796606492
ivm120;1.3122757;0;1.3241661172
ivm1201;0;1.4910907;1.025197025
ivm1203;0;1.4910907;1.025197025
ivm1204;1.3122757;1.4910907;1.8966150128
ivm1205;0;1.4910907;1.025197025
ivm1206;1.3122757;2.9821815;2.1435169483
ivm1207;1.9684136;0;1.6351896164
ivm1209;0;1.4910907;1.025197025
ivm1211;0;1.4910907;1.025197025
ivm1212;0;1.4910907;1.025197025
ivm1216;3.2806893;1.4910907;2.1289931429
ivm1217;0;1.4910907;1.025197025
ivm1218;1.3122757;1.4910907;1.3156696876
ivm1219;0;1.4910907;1.025197025
ivm1220;0;1.4910907;1.025197025
ivm1221;1.3122757;1.4910907;1.1220212458
ivm1222;1.9684136;1.4910907;1.8966150128
ivm1223;1.3122757;1.4910907;1.3156696876
ivm1225;1.9684136;1.4910907;1.4173351195
ivm1226;0;1.4910907;1.025197025
ivm1228;1.3122757;1.4910907;1.8966150128
ivm1230;1.3122757;1.4910907;1.1220212458
ivm1231;0;1.4910907;1.025197025
ivm1232;0;1.4910907;1.025197025
ivm1233;0;1.4910907;1.025197025
ivm1234;0;1.4910907;1.025197025
ivm1235;1.3122757;1.4910907;1.4609060189
ivm1236;0;1.4910907;1.025197025
ivm1238;0;1.4910907;1.025197025
ivm1240;1.3122757;2.9821815;1.2488610096
ivm1241;2.6245514;4.4732722;1.639349668
ivm1244;0;1.4910907;1.025197025
ivm1245;0;1.4910907;1.025197025
ivm1246;1.3122757;1.4910907;1.0874411669
ivm1247;0;1.4910907;1.025197025
ivm1248;0;1.4910907;1.025197025
ivm1249;0;1.4910907;1.025197025
ivm125;0;1.4910907;1.025197025
ivm1250;2.6245514;2.9821815;2.533839481
ivm1251;0;1.4910907;1.025197025
ivm1252;5.249103;4.4732722;3.1538776988
ivm1253;0;1.4910907;1.025197025
ivm1254;1.3122757;1.4910907;1.1341242734
ivm1255;0;1.4910907;1.025197025
ivm1257;0;1.4910907;1.025197025
ivm1258;0;1.4910907;1.025197025
ivm126;2.6245514;2.9821815;1.3709349476
ivm1261;0;1.4910907;1.025197025
ivm1262;0;1.4910907;1.025197025
ivm1263;1.9684136;2.9821815;1.2718394468
ivm1265;3.936827;4.4732722;2.0440195639
ivm1267;0;1.4910907;1.025197025
ivm1269;0;1.4910907;1.025197025
ivm127;0;1.4910907;1.025197025
ivm1271;0;1.4910907;1.025197025
ivm1273;0;1.4910907;1.025197025
ivm1274;0;1.4910907;1.025197025
ivm1275;0;1.4910907;1.025197025
ivm1276;1.3122757;1.4910907;1.1704333563
ivm1277;0;1.4910907;1.025197025
ivm1278;0;1.4910907;1.025197025
ivm1279;1.3122757;1.4910907;1.1496853089
ivm128;0;1.4910907;1.025197025
ivm1280;1.3122757;1.4910907;1.3156696876
ivm1281;0;1.4910907;1.025197025
ivm1283;0;1.4910907;1.025197025
ivm1285;0;1.4910907;1.025197025
ivm1287;0;1.4910907;1.025197025
ivm1293;0;1.4910907;1.025197025
ivm1295;4.592965;7.455453;3.560898586
ivm1296;1.3122757;1.4910907;1.3156696876
ivm1297;0;1.4910907;1.025197025
ivm1298;0;1.4910907;1.025197025
ivm1299;0;1.4910907;1.025197025
ivm13;2.6245514;0;1.5785130154
ivm130;0;1.4910907;1.025197025
ivm1300;0;1.4910907;1.025197025
ivm1302;1.3122757;1.4910907;1.4609060189
ivm1303;1.3122757;1.4910907;1.1994806225
ivm1304;1.3122757;1.4910907;1.1704333563
ivm1305;0;1.4910907;1.025197025
ivm1307;0;1.4910907;1.025197025
ivm1310;1.9684136;1.4910907;1.4609060189
ivm1311;0;1.4910907;1.025197025
ivm1312;1.3122757;1.4910907;1.2430515219
ivm1313;0;1.4910907;1.025197025
ivm1314;0;1.4910907;1.025197025
ivm1316;0;1.4910907;1.025197025
ivm1318;0;1.4910907;1.025197025
ivm1319;0;1.4910907;1.025197025
ivm1320;1.3122757;1.4910907;1.1341242734
ivm1322;0;1.4910907;1.025197025
ivm1323;0;1.4910907;1.025197025
ivm133;0;1.4910907;1.025197025
ivm1331;0;1.4910907;1.025197025
ivm1333;0;1.4910907;1.025197025
ivm1334;0;1.4910907;1.025197025
ivm1335;0;1.4910907;1.025197025
ivm1337;0;1.4910907;1.025197025
ivm1339;1.3122757;2.9821815;1.2009354333
ivm134;0;1.4910907;1.025197025
ivm1340;1.9684136;0;2.0418513441
ivm1341;0;1.4910907;1.025197025
ivm1342;1.3122757;1.4910907;1.8966150128
ivm1343;0;1.4910907;1.025197025
ivm1345;1.9684136;1.4910907;1.6351896164
ivm1347;0;1.4910907;1.025197025
ivm1348;1.3122757;1.4910907;1.4609060189
ivm1349;1.3122757;1.4910907;1.3156696876
ivm135;0;1.4910907;1.025197025
ivm1350;0;1.4910907;1.025197025
ivm1352;1.3122757;1.4910907;1.1341242734
ivm1353;1.3122757;2.9821815;1.5843569866
ivm1355;0;1.4910907;1.025197025
ivm1356;0;1.4910907;1.025197025
ivm1358;0;1.4910907;1.025197025
ivm136;1.3122757;1.4910907;1.4609060189
ivm1360;0;1.4910907;1.025197025
ivm1361;1.3122757;1.4910907;1.1496853089
ivm1367;1.9684136;2.9821815;1.7092601971
ivm1368;0;1.4910907;1.025197025
ivm137;0;1.4910907;1.025197025
ivm1370;2.6245514;4.4732722;1.7574060802
ivm1372;1.3122757;1.4910907;1.4609060189
ivm1373;0;1.4910907;1.025197025
ivm1374;0;1.4910907;1.025197025
ivm1377;0;1.4910907;1.025197025
ivm1378;0;1.4910907;1.025197025
ivm1379;0;1.4910907;1.025197025
ivm1381;0;1.4910907;1.025197025
ivm1382;1.3122757;1.4910907;1.4609060189
ivm1384;0;1.4910907;1.025197025
ivm1385;0;1.4910907;1.025197025
ivm1386;1.3122757;1.4910907;1.1704333563
ivm1387;1.3122757;1.4910907;1.8966150128
ivm1388;0;1.4910907;1.025197025
ivm1389;1.9684136;1.4910907;1.5480478177
ivm1391;0;1.4910907;1.025197025
ivm1392;1.3122757;1.4910907;1.8966150128
ivm1393;1.3122757;1.4910907;1.3156696876
ivm1395;0;1.4910907;1.025197025
ivm1397;0;1.4910907;1.025197025
ivm14;1.3122757;0;1.2365159128
ivm140;1.3122757;1.4910907;1.4609060189
ivm1400;0;1.4910907;1.025197025
ivm1402;0;1.4910907;1.025197025
ivm1403;0;1.4910907;1.025197025
ivm1404;1.3122757;2.9821815;1.8312589221
ivm1405;0;1.4910907;1.025197025
ivm1407;1.3122757;0;1.4609060189
ivm1410;0;1.4910907;1.025197025
ivm1411;1.3122757;1.4910907;1.8966150128
ivm1414;1.9684136;1.4910907;2.1870876754
ivm1415;0;1.4910907;1.025197025
ivm1416;0;1.4910907;1.025197025
ivm1417;0;1.4910907;1.025197025
ivm1418;0;1.4910907;1.025197025
ivm142;1.3122757;1.4910907;1.3156696876
ivm1420;0;1.4910907;1.025197025
ivm1422;0;1.4910907;1.025197025
ivm1423;0;1.4910907;1.025197025
ivm1424;1.3122757;1.4910907;1.8966150128
ivm1426;0;1.4910907;1.025197025
ivm1427;0;1.4910907;1.025197025
ivm1428;0;1.4910907;1.025197025
ivm1429;0;1.4910907;1.025197025
ivm1430;1.3122757;1.4910907;1.2430515219
ivm1432;0;1.4910907;1.025197025
ivm1434;0;1.4910907;1.025197025
ivm1435;0;1.4910907;1.025197025
ivm1437;0;1.4910907;1.025197025
ivm1438;0;1.4910907;1.025197025
ivm1439;1.9684136;1.4910907;1.1994806225
ivm144;0;1.4910907;1.025197025
ivm1440;0;1.4910907;1.025197025
ivm1441;1.9684136;1.4910907;1.8966150128
ivm1443;0;1.4910907;1.025197025
ivm1446;0;1.4910907;1.025197025
ivm1447;0;1.4910907;1.025197025
ivm1449;1.3122757;1.4910907;1.1123388237
ivm145;1.9684136;2.9821815;1.5628619338
ivm1450;0;1.4910907;1.025197025
ivm1451;3.2806893;4.4732722;1.6848332721
ivm1453;0;1.4910907;1.025197025
ivm1455;1.9684136;2.9821815;2.1388875585
ivm1456;0;1.4910907;1.025197025
ivm1457;1.3122757;1.4910907;1.3156696876
ivm1458;0;1.4910907;1.025197025
ivm1459;0;1.4910907;1.025197025
ivm146;0;1.4910907;1.025197025
ivm1461;2.6245514;4.4732722;2.4770418029
ivm1462;0;1.4910907;1.025197025
ivm1464;0;1.4910907;1.025197025
ivm1467;0;1.4910907;1.025197025
ivm1468;1.3122757;1.4910907;1.4609060189
ivm147;1.3122757;1.4910907;1.2430515219
ivm1470;0;1.4910907;1.025197025
ivm1471;3.2806893;2.9821815;1.7495632345
ivm1472;0;1.4910907;1.025197025
ivm1473;1.3122757;0;1.0978151906
ivm1479;0;1.4910907;1.025197025
ivm148;0;1.4910907;1.025197025
ivm1480;1.3122757;1.4910907;1.1704333563
ivm1481;0;1.4910907;1.025197025
ivm1482;1.3122757;1.4910907;1.1220212458
ivm1484;0;1.4910907;1.025197025
ivm1486;0;1.4910907;1.025197025
ivm149;2.6245514;2.9821815;2.0197029198
ivm1491;0;1.4910907;1.025197025
ivm150;1.3122757;1.4910907;1.3156696876
ivm1506;0;1.4910907;1.025197025
ivm1508;1.9684136;0;1.3718597986
ivm151;0;1.4910907;1.025197025
ivm1511;1.3122757;0;1.0689815198
ivm1514;3.2806893;2.9821815;1.4680986851
ivm152;1.3122757;0;1.4609060189
ivm1522;1.3122757;0;1.2430515219
ivm1525;3.2806893;0;2.9438962093
ivm1527;1.3122757;0;1.8471192282
ivm1528;1.3122757;0;1.5035895131
ivm1532;11.1543435;0;5.686704352
ivm1534;2.6245514;0;3.8308817296
ivm1535;1.9684136;0;1.5952496684
ivm1536;3.936827;0;2.5201573206
ivm154;0;1.4910907;1.025197025
ivm1549;1.3122757;0;1.4609060189
ivm1558;1.3122757;0;1.1200278364
ivm1559;7.2175164;0;5.1281852602
ivm1561;2.6245514;0;2.587213794
ivm1565;1.3122757;0;1.0428501579
ivm1568;1.9684136;0;1.6636077038
ivm157;1.3122757;1.4910907;1.4609060189
ivm158;1.3122757;1.4910907;1.3156696876
ivm1583;1.9684136;0;3.7219837156
ivm1589;1.9684136;0;2.0174726899
ivm159;0;1.4910907;1.025197025
ivm1591;2.6245514;0;1.7250546287
ivm160;1.9684136;1.4910907;1.1994806225
ivm1603;1.9684136;0;2.0817914644
ivm1606;3.2806893;0;1.7133386372
ivm1608;0;1.4910907;1.025197025
ivm161;1.9684136;2.9821815;1.7713487416
ivm1610;1.3122757;0;1.0922291779
ivm1613;1.9684136;0;1.4191505952
ivm162;0;1.4910907;1.025197025
ivm1626;1.3122757;0;1.1496853089
ivm163;0;1.4910907;1.025197025
ivm1632;5.249103;0;3.6096948807
ivm1634;0;1.4910907;1.025197025
ivm1637;1.3122757;0;1.1864094044
ivm1639;1.9684136;0;2.3323240067
ivm1646;1.3122757;0;1.2430515219
ivm1649;1.9684136;0;2.1870876754
ivm1651;0;1.4910907;1.025197025
ivm1653;1.9684136;0;2.5027415636
ivm1655;1.9684136;0;1.5269885755
ivm1657;1.9684136;0;1.4412991917
ivm1659;1.3122757;0;1.1817941442
ivm1660;0;1.4910907;1.025197025
ivm1661;1.3122757;0;1.0600537445
ivm1663;0;1.4910907;1.025197025
ivm1664;1.9684136;0;1.8966150128
ivm167;0;1.4910907;1.025197025
ivm1671;1.3122757;0;1.1744102751
ivm1672;3.2806893;0;1.8570018452
ivm1673;1.3122757;0;1.1994806225
ivm1675;1.3122757;0;1.3156696876
ivm1676;0;1.4910907;1.025197025
ivm1677;1.9684136;2.9821815;1.3694071474
ivm1678;0;1.4910907;1.025197025
ivm1679;1.9684136;1.4910907;1.1963684154
ivm168;3.2806893;5.964363;2.167352001
ivm1681;0;1.4910907;1.025197025
ivm1682;1.3122757;1.4910907;1.8966150128
ivm1683;1.3122757;1.4910907;1.1123388237
ivm1698;1.3122757;0;1.1220212458
ivm170;0;1.4910907;1.025197025
ivm1700;0;1.4910907;1.025197025
ivm1702;1.9684136;0;2.7998011033
ivm1708;0;1.4910907;1.025197025
ivm1709;0;1.4910907;1.025197025
ivm171;1.9684136;2.9821815;1.3694071474
ivm1710;1.9684136;1.4910907;1.2586125574
ivm1715;2.6245514;0;2.9532094522
ivm1716;3.2806893;0;2.4339896109
ivm1718;2.6245514;0;4.1422533938
ivm1720;1.3122757;0;1.4609060189
ivm1721;0;1.4910907;1.025197025
ivm1722;0;1.4910907;1.025197025
ivm1728;1.3122757;0;1.4609060189
ivm1729;0;1.4910907;1.025197025
ivm173;1.9684136;0;1.3715856837
ivm1730;3.2806893;0;3.0815728726
ivm1732;1.3122757;0;1.2430515219
ivm174;0;1.4910907;1.025197025
ivm1742;2.6245514;0;1.8177517506
ivm1744;1.3122757;0;1.3156696876
ivm1745;0;1.4910907;1.025197025
ivm1748;0;1.4910907;1.025197025
ivm175;0;1.4910907;1.025197025
ivm1750;1.9684136;0;2.4012651842
ivm1753;1.3122757;0;1.3568200101
ivm176;1.3122757;1.4910907;1.1704333563
ivm1763;1.9684136;0;1.5416635341
ivm1766;0;1.4910907;1.025197025
ivm1769;0;1.4910907;1.025197025
ivm1773;1.9684136;1.4910907;1.2465095298
ivm1774;0;1.4910907;1.025197025
ivm1778;1.3122757;1.4910907;1.3156696876
ivm1779;0;1.4910907;1.025197025
ivm178;0;1.4910907;1.025197025
ivm1785;1.3122757;0;1.3156696876
ivm1788;3.936827;0;1.7588900849
ivm179;0;1.4910907;1.025197025
ivm1791;1.9684136;0;1.8479610916
ivm1794;1.3122757;0;1.0549301299
ivm1805;2.6245514;0;1.7010301326
ivm1808;2.6245514;0;3.3312836811
ivm181;1.9684136;2.9821815;1.8530442856
ivm1811;1.3122757;0;1.1123388237
ivm1812;1.3122757;0;1.944143644
ivm1813;1.3122757;0;1.0600537445
ivm1815;1.9684136;0;1.8748296492
ivm1816;1.3122757;0;1.1994806225
ivm1818;1.3122757;0;1.6950313583
ivm1820;4.592965;0;1.7239218895
ivm1823;1.9684136;0;2.4042162232
ivm1824;2.6245514;0;2.5104028111
ivm1825;1.9684136;0;2.8883884685
ivm183;1.3122757;1.4910907;1.8966150128
ivm1833;1.3122757;0;1.4609060189
ivm1834;1.3122757;0;1.2430515219
ivm1835;2.6245514;0;3.583691187
ivm184;1.9684136;1.4910907;1.6061423502
ivm1847;1.3122757;0;2.5545615454
ivm185;1.9684136;1.4910907;1.4609060189
ivm1850;1.3122757;0;2.0200659805
ivm186;0;1.4910907;1.025197025
ivm1865;1.3122757;0;1.1994806225
ivm1868;1.9684136;0;1.6243816365
ivm187;0;1.4910907;1.025197025
ivm1872;1.3122757;0;1.0479781536
ivm189;1.3122757;1.4910907;1.8966150128
ivm1892;1.9684136;0;1.091549053
ivm1895;1.9684136;0;1.2323121668
ivm19;1.9684136;0;1.3694071474
ivm190;0;1.4910907;1.025197025
ivm1909;1.9684136;0;1.091549053
ivm191;0;1.4910907;1.025197025
ivm192;0;1.4910907;1.025197025
ivm1921;1.3122757;0;1.0984234771
ivm1928;1.3122757;0;1.4609060189
ivm193;0;1.4910907;1.025197025
ivm1936;1.3122757;0;1.130038305
ivm194;1.9684136;2.9821815;2.4339896109
ivm1940;1.3122757;0;1.1496853089
ivm1941;1.9684136;0;2.6594028255
ivm1944;1.3122757;0;2.75897335
ivm1948;1.3122757;0;1.1432185233
ivm1952;1.3122757;0;1.0386034555
ivm1954;1.3122757;0;1.0648069335
ivm1960;1.3122757;0;1.0984234771
ivm198;1.9684136;2.9821815;1.3051400665
ivm1994;1.9684136;0;1.8966150128
ivm2;0;1.4910907;1.025197025
ivm20;1.9684136;2.9821815;1.2847205436
ivm200;0;1.4910907;1.025197025
ivm2003;1.3122757;0;1.3334919839
ivm201;0;1.4910907;1.025197025
ivm2013;1.3122757;0;1.3277061584
ivm202;0;1.4910907;1.025197025
ivm203;2.6245514;2.9821815;1.1784024947
ivm2033;1.3122757;0;1.143383096
ivm204;0;1.4910907;1.025197025
ivm2045;3.2806893;0;2.4203352828
ivm205;0;1.4910907;1.025197025
ivm2055;1.3122757;0;1.2025928665
ivm206;0;1.4910907;1.025197025
ivm2069;1.9684136;0;2.6594028255
ivm2078;1.3122757;0;1.4609060189
ivm208;0;1.4910907;1.025197025
ivm209;1.3122757;1.4910907;1.1496853089
ivm2094;9.18593;0;5.7108521648
ivm21;1.3122757;2.9821815;1.2025928665
ivm210;1.9684136;2.9821815;2.4339896109
ivm2102;1.3122757;0;1.1426254433
ivm211;1.3122757;1.4910907;1.1704333563
ivm2118;1.3122757;0;1.1147067693
ivm212;0;1.4910907;1.025197025
ivm2128;2.6245514;0;2.030309304
ivm2132;1.9684136;0;3.9351875079
ivm214;1.3122757;0;1.2430515219
ivm2141;8.529792;0;5.617591526
ivm215;0;1.4910907;1.025197025
ivm2152;4.592965;0;3.796613084
ivm2163;1.3122757;0;1.130038305
ivm2166;1.3122757;0;2.1435169483
ivm2168;1.3122757;0;1.5349765995
ivm217;1.3122757;2.9821815;1.1176383301
ivm2182;1.3122757;0;1.0524288371
ivm2184;6.5613785;0;3.8670266946
ivm2189;1.3122757;0;1.2267495209
ivm219;2.6245514;4.4732722;1.609700135
ivm2198;1.9684136;0;1.2833216191
ivm220;1.9684136;2.9821815;1.5952496684
ivm2201;1.9684136;0;1.3882878532
ivm221;2.6245514;2.9821815;1.578305401
ivm222;0;1.4910907;1.025197025
ivm223;0;1.4910907;1.025197025
ivm2230;1.3122757;0;1.1026061064
ivm225;1.3122757;1.4910907;1.8966150128
ivm226;1.3122757;0;1.4609060189
ivm227;5.249103;0;3.1941975649
ivm2271;1.9684136;0;1.9188358586
ivm2276;1.3122757;0;1.4880187883
ivm228;1.9684136;0;1.5423292458
ivm2285;1.3122757;0;1.0445618691
ivm2286;1.9684136;0;1.4899532851
ivm229;2.6245514;0;1.9780382398
ivm2293;3.2806893;0;4.4629168632
ivm2299;1.9684136;0;1.2833216191
ivm23;0;1.4910907;1.025197025
ivm230;1.9684136;0;1.7040861948
ivm2301;1.3122757;0;1.1026061064
ivm2307;2.6245514;0;2.1424882333
ivm2312;1.3122757;0;2.5545615454
ivm2316;2.6245514;0;1.8482029024
ivm232;0;1.4910907;1.025197025
ivm2325;1.3122757;0;1.1341242734
ivm2326;1.9684136;0;1.6414530807
ivm2329;3.2806893;0;5.0851119639
ivm233;1.3122757;1.4910907;1.3156696876
ivm234;3.2806893;2.9821815;2.2197659791
ivm2345;2.6245514;0;1.5126464727
ivm2346;1.3122757;0;1.4609060189
ivm236;1.3122757;2.9821815;2.8842227547
ivm2363;1.3122757;0;1.1426254433
ivm2366;1.3122757;0;1.0984234771
ivm237;1.3122757;1.4910907;1.2430515219
ivm2374;1.3122757;0;1.1994806225
ivm238;1.3122757;2.9821815;1.5226315027
ivm2384;7.873654;0;7.2604713322
ivm2388;4.592965;0;2.7102439804
ivm239;3.2806893;0;2.2996459614
ivm2398;1.3122757;0;1.2215207203
ivm24;0;1.4910907;1.025197025
ivm240;1.3122757;0;2.0364771134
ivm2402;1.3122757;0;1.1328535003
ivm241;0;1.4910907;1.025197025
ivm2411;1.3122757;0;1.2430515219
ivm2415;2.6245514;0;1.648510638
ivm242;0;1.4910907;1.025197025
ivm243;2.6245514;2.9821815;1.8230783282
ivm2431;2.6245514;0;2.4497524251
ivm2432;1.9684136;0;5.0620502687
ivm244;1.9684136;1.4910907;1.5335241845
ivm245;0;1.4910907;1.025197025
ivm2466;1.3122757;0;1.0984234771
ivm2470;1.3122757;0;1.0922291779
ivm249;0;1.4910907;1.025197025
ivm2494;1.9684136;0;2.0981304871
ivm2497;1.3122757;0;1.1704333563
ivm25;0;1.4910907;1.025197025
ivm250;0;1.4910907;1.025197025
ivm2506;1.9684136;0;1.1753479286
ivm251;0;1.4910907;1.025197025
ivm2510;1.3122757;0;1.1426254433
ivm2516;1.3122757;0;1.130038305
ivm252;0;1.4910907;1.025197025
ivm2523;6.5613785;0;3.0527146895
ivm2525;1.9684136;0;3.4246494484
ivm253;0;1.4910907;1.025197025
ivm2535;1.3122757;0;1.1704333563
ivm2541;1.9684136;0;2.5062010063
ivm2542;1.3122757;0;1.1078238828
ivm2548;3.936827;0;2.1758408889
ivm255;0;1.4910907;1.025197025
ivm2551;1.3122757;0;1.0542442912
ivm2552;1.3122757;0;2.3811601042
ivm2565;1.9684136;0;2.0418513441
ivm2574;1.3122757;0;1.0984234771
ivm2576;1.9684136;0;1.3125574928
ivm258;0;1.4910907;1.025197025
ivm2581;2.6245514;0;2.3834291032
ivm2588;1.9684136;0;1.2833216191
ivm259;0;1.4910907;1.025197025
ivm2598;1.3122757;0;1.2430515219
ivm26;0;1.4910907;1.025197025
ivm2601;2.6245514;0;1.7295305829
ivm261;0;1.4910907;1.025197025
ivm2617;1.3122757;0;1.1704333563
ivm263;1.3122757;2.9821815;1.0450224223
ivm2638;2.6245514;0;2.3042820221
ivm264;0;1.4910907;1.025197025
ivm2641;1.3122757;0;1.0593006685
ivm265;1.3122757;0;1.2430515219
ivm2653;1.3122757;0;1.2139861112
ivm266;1.3122757;1.4910907;1.1994806225
ivm2673;1.3122757;0;1.1994806225
ivm2675;1.3122757;0;1.2093566999
ivm2679;1.3122757;0;1.130038305
ivm2681;3.2806893;0;1.7513786815
ivm2684;1.3122757;0;1.1994806225
ivm27;1.3122757;1.4910907;1.4609060189
ivm271;1.9684136;0;1.9123779253
ivm2718;1.3122757;0;1.1220212458
ivm272;1.3122757;0;1.1220212458
ivm273;1.3122757;0;1.2430515219
ivm2730;1.3122757;0;1.0653606101
ivm2748;2.6245514;0;2.110794213
ivm275;1.3122757;0;1.4609060189
ivm2759;1.3122757;0;1.1078238828
ivm2762;1.3122757;0;1.1994806225
ivm2763;1.3122757;0;1.0479781536
ivm2768;2.6245514;0;1.6941918868
ivm277;0;1.4910907;1.025197025
ivm278;2.6245514;2.9821815;3.431511053
ivm2783;1.3122757;0;1.2800868122
ivm2788;1.3122757;0;1.1078238828
ivm279;1.9684136;1.4910907;1.3737642201
ivm280;0;1.4910907;1.025197025
ivm2800;1.9684136;0;1.2224182639
ivm2815;1.9684136;0;1.2833216191
ivm282;1.9684136;2.9821815;2.2190397716
ivm2826;1.9684136;0;1.112595124
ivm2828;1.9684136;0;1.28106124
ivm283;1.3122757;1.4910907;1.1704333563
ivm2834;1.9684136;0;1.7999603868
ivm2837;1.3122757;0;1.4819398869
ivm284;0;1.4910907;1.025197025
ivm2845;1.3122757;0;1.0524288371
ivm2846;1.3122757;0;1.1432185233
ivm2849;1.9684136;0;1.112595124
ivm2857;2.6245514;0;1.8482029024
ivm286;2.6245514;0;3.5548517342
ivm2863;1.9684136;0;1.504749343
ivm2865;1.9684136;0;1.7999603868
ivm2868;1.3122757;0;1.0630847636
ivm2869;1.9684136;0;1.4612291339
ivm287;1.9684136;0;1.4899532851
ivm2879;1.3122757;0;1.1994806225
ivm2893;3.936827;0;3.6329153794
ivm2899;3.2806893;0;1.9861000544
ivm29;0;1.4910907;1.025197025
ivm2900;4.592965;0;5.3728178214
ivm2903;1.3122757;0;1.1341242734
ivm2909;2.6245514;0;2.4149508646
ivm291;0;1.4910907;1.025197025
ivm2917;1.3122757;0;1.0941135185
ivm292;1.3122757;1.4910907;1.8966150128
ivm2938;1.3122757;0;1.1704333563
ivm295;1.9684136;2.9821815;1.6134042529
ivm2960;7.2175164;0;4.2136893756
ivm2977;7.873654;0;4.9138999249
ivm2980;5.249103;0;5.2792856127
ivm2981;1.3122757;0;1.0687679243
ivm2985;1.3122757;0;1.1123388237
ivm2986;3.2806893;0;2.5025976605
ivm2997;1.3122757;0;1.0450224223
ivm3;0;1.4910907;1.025197025
ivm30;0;1.4910907;1.025197025
ivm3006;1.3122757;0;1.0445618691
ivm3013;3.2806893;0;2.8925212846
ivm3016;1.3122757;0;1.1220212458
ivm302;0;1.4910907;1.025197025
ivm3020;1.3122757;0;1.1994806225
ivm3022;1.3122757;0;1.1220212458
ivm3025;1.9684136;0;3.0149349361
ivm3029;1.3122757;0;1.104416842
ivm303;1.3122757;2.9821815;1.1022464656
ivm3031;1.9684136;0;1.112595124
ivm3033;1.3122757;0;1.0593006685
ivm3036;1.3122757;0;1.0593006685
ivm3037;1.3122757;0;1.4609060189
ivm3038;1.3122757;0;1.3090206489
ivm304;0;1.4910907;1.025197025
ivm3040;1.3122757;1.4910907;1.8966150128
ivm3042;0;1.4910907;1.025197025
ivm3044;1.9684136;2.9821815;1.4445669962
ivm3045;0;1.4910907;1.025197025
ivm3052;0;1.4910907;1.025197025
ivm3053;1.9684136;1.4910907;1.5698332673
ivm3055;0;1.4910907;1.025197025
ivm3057;0;1.4910907;1.025197025
ivm3058;0;1.4910907;1.025197025
ivm3059;0;1.4910907;1.025197025
ivm3061;0;1.4910907;1.025197025
ivm3062;0;1.4910907;1.025197025
ivm3063;0;1.4910907;1.025197025
ivm3064;1.9684136;2.9821815;4.1938919364
ivm3065;0;1.4910907;1.025197025
ivm307;1.9684136;1.4910907;2.3323240067
ivm3075;1.3122757;1.4910907;1.1704333563
ivm3077;0;1.4910907;1.025197025
ivm3078;0;1.4910907;1.025197025
ivm308;3.2806893;4.4732722;1.5796160765
ivm3080;1.3122757;1.4910907;1.2430515219
ivm3081;1.9684136;0;2.2996459614
ivm3094;1.3122757;0;1.130038305
ivm31;0;1.4910907;1.025197025
ivm311;0;1.4910907;1.025197025
ivm3112;1.3122757;0;1.2236332373
ivm3115;2.6245514;0;2.2156456584
ivm3127;12.466619;0;4.9656462818
ivm3129;1.3122757;0;1.1496853089
ivm313;0;1.4910907;1.025197025
ivm3131;1.9684136;0;1.6457809183
ivm3136;1.3122757;0;1.1901155015
ivm3142;1.9684136;0;1.4910296526
ivm315;1.3122757;1.4910907;1.4609060189
ivm3150;1.3122757;0;1.4609060189
ivm3159;1.3122757;0;1.2430515219
ivm316;0;1.4910907;1.025197025
ivm317;0;1.4910907;1.025197025
ivm3178;1.3122757;0;1.1496853089
ivm3181;1.3122757;0;6.4932785401
ivm319;0;1.4910907;1.025197025
ivm3190;1.3122757;0;1.4609060189
ivm32;0;1.4910907;1.025197025
ivm320;0;1.4910907;1.025197025
ivm3204;1.3122757;0;1.1496853089
ivm321;1.9684136;0;1.4543704098
ivm3215;1.3122757;0;1.1341242734
ivm3218;1.9684136;0;1.2351791565
ivm3219;1.3122757;0;1.3156696876
ivm322;1.9684136;0;1.3212810952
ivm3223;4.592965;0;4.0427569146
ivm3225;1.3122757;0;1.1496853089
ivm3226;1.9684136;0;2.8769863043
ivm3227;5.9052407;0;6.9333323238
ivm3228;1.3122757;0;1.0874411669
ivm3232;1.9684136;0;1.2665313983
ivm3236;2.6245514;0;1.6297275231
ivm3239;1.3122757;0;1.0874411669
ivm3259;1.3122757;0;2.877830701
ivm326;1.3122757;2.9821815;1.2964683751
ivm3260;1.3122757;0;1.1704333563
ivm3267;1.9684136;0;1.2665313983
ivm327;1.3122757;0;2.266967916
ivm3271;2.6245514;0;1.4689747231
ivm3276;9.18593;0;3.9915788854
ivm3280;4.592965;0;2.2053955866
ivm329;0;1.4910907;1.025197025
ivm33;0;1.4910907;1.025197025
ivm3301;1.3122757;0;1.1704333563
ivm3307;1.3122757;0;1.1297006123
ivm3313;1.3122757;0;1.0716167928
ivm3319;1.3122757;0;1.4609060189
ivm3327;1.9684136;0;2.5049932248
ivm3332;2.6245514;0;1.3775484981
ivm3336;1.3122757;0;1.0941135185
ivm3337;1.9684136;0;1.4124939084
ivm3340;1.9684136;0;2.1622726601
ivm3347;1.9684136;0;1.5243720527
ivm3355;1.3122757;0;2.1478791023
ivm3357;1.3122757;0;1.0445618691
ivm336;1.3122757;1.4910907;1.2430515219
ivm3360;2.6245514;0;2.6402872737
ivm3361;1.3122757;0;1.4133461778
ivm3365;1.3122757;0;1.2430515219
ivm337;0;1.4910907;1.025197025
ivm3380;1.3122757;0;1.4609060189
ivm3386;1.3122757;0;1.4880187883
ivm3387;1.3122757;0;1.2255236265
ivm3396;5.249103;0;3.921532877
ivm3398;1.9684136;0;1.9619762716
ivm340;1.3122757;0;1.2430515219
ivm3403;1.3122757;0;1.2255236265
ivm3412;1.3122757;0;1.1016730333
ivm3413;1.9684136;0;1.2069356408
ivm3414;1.3122757;0;1.1495556444
ivm3417;1.3122757;0;2.5545615454
ivm342;6.5613785;0;4.0710495342
ivm3421;1.9684136;0;1.2323121668
ivm3440;1.3122757;0;1.0445618691
ivm345;0;1.4910907;1.025197025
ivm3451;1.9684136;0;1.2541888963
ivm3457;1.3122757;0;1.0445618691
ivm3461;1.3122757;0;1.1994806225
ivm3465;1.9684136;0;1.2323121668
ivm347;1.9684136;2.9821815;1.7295933179
ivm3489;1.3122757;0;2.102380715
ivm349;0;1.4910907;1.025197025
ivm3497;1.3122757;0;1.2253037845
ivm35;0;1.4910907;1.025197025
ivm350;1.3122757;1.4910907;1.1704333563
ivm3507;1.3122757;0;1.5843569866
ivm351;1.3122757;1.4910907;1.4609060189
ivm3513;1.3122757;0;1.1078238828
ivm352;1.9684136;2.9821815;1.6569751523
ivm3528;1.3122757;0;1.2430515219
ivm353;0;1.4910907;1.025197025
ivm354;0;1.4910907;1.025197025
ivm3546;1.9684136;0;1.3581764662
ivm355;0;1.4910907;1.025197025
ivm3551;1.3122757;0;1.1220212458
ivm3555;2.6245514;0;4.1982493484
ivm3557;3.2806893;0;2.3209597518
ivm3558;1.3122757;0;1.2430515219
ivm356;0;1.4910907;1.025197025
ivm3562;2.6245514;0;1.7595180311
ivm3565;1.3122757;0;1.3470334826
ivm3566;1.9684136;0;1.1432149932
ivm3567;1.3122757;0;1.3156696876
ivm3574;4.592965;0;2.1921580135
ivm358;1.9684136;0;2.1870876754
ivm36;0;1.4910907;1.025197025
ivm3610;1.3122757;0;1.2518547979
ivm3611;1.3122757;0;1.1474736133
ivm3612;1.3122757;0;1.4609060189
ivm3615;1.3122757;0;1.4609060189
ivm3616;1.3122757;0;1.3156696876
ivm3618;5.249103;0;2.3902829631
ivm363;0;1.4910907;1.025197025
ivm3636;1.9684136;0;1.5952496684
ivm3639;1.3122757;0;1.0648069335
ivm364;1.3122757;0;1.2430515219
ivm365;1.3122757;1.4910907;1.1341242734
ivm3654;1.3122757;0;1.2430515219
ivm366;0;1.4910907;1.025197025
ivm3661;1.3122757;0;1.1220212458
ivm3662;1.3122757;0;1.3332796076
ivm367;1.3122757;0;1.0600537445
ivm3670;1.9684136;0;1.2665313983
ivm368;0;1.4910907;1.025197025
ivm369;0;1.4910907;1.025197025
ivm3692;1.3122757;0;1.5362993069
ivm3695;1.3122757;0;1.2430515219
ivm3699;1.3122757;0;1.0676786562
ivm37;3.2806893;2.9821815;2.9270673604
ivm3706;1.9684136;0;1.3221687777
ivm3715;2.6245514;0;1.9895381067
ivm372;1.3122757;1.4910907;1.4609060189
ivm3725;1.3122757;0;1.1950243837
ivm3728;1.9684136;0;1.3315096059
ivm373;1.3122757;0;1.3156696876
ivm3739;1.3122757;0;1.0984234771
ivm3751;1.3122757;0;1.0984234771
ivm3752;3.2806893;0;2.5476879588
ivm3755;1.9684136;0;1.5829045716
ivm3758;1.3122757;0;1.1220212458
ivm3759;1.9684136;0;1.2821074804
ivm3771;2.6245514;0;1.4775163625
ivm378;1.3122757;1.4910907;1.8966150128
ivm3780;1.3122757;0;1.0445618691
ivm3788;2.6245514;0;1.4885009276
ivm379;0;1.4910907;1.025197025
ivm3796;1.3122757;0;2.9011973273
ivm38;0;1.4910907;1.025197025
ivm380;3.2806893;5.964363;3.3306428335
ivm3811;1.3122757;0;1.0832915575
ivm3812;1.3122757;0;1.1341242734
ivm3824;2.6245514;0;2.2996459614
ivm3825;2.6245514;0;1.6001838396
ivm3844;1.3122757;0;1.2430515219
ivm3847;1.3122757;0;1.1578249332
ivm3848;1.3122757;0;1.0796465955
ivm3849;1.3122757;0;1.0984234771
ivm388;0;1.4910907;1.025197025
ivm3891;1.3122757;0;1.0984234771
ivm3895;1.3122757;0;1.1078238828
ivm39;1.3122757;1.4910907;1.2430515219
ivm3900;1.3122757;0;1.6675050318
ivm391;0;1.4910907;1.025197025
ivm392;1.3122757;1.4910907;1.0922291779
ivm3921;1.3122757;0;1.0796465955
ivm3924;1.3122757;0;1.0984234771
ivm393;1.3122757;1.4910907;1.1994806225
ivm394;0;1.4910907;1.025197025
ivm3946;1.9684136;0;1.4723060201
ivm395;0;1.4910907;1.025197025
ivm3951;4.592965;0;2.2316960059
ivm396;1.9684136;1.4910907;1.4173351195
ivm3961;2.6245514;0;1.9692401928
ivm3963;2.6245514;0;1.578132515
ivm3971;1.9684136;0;1.1132206581
ivm3972;1.3122757;0;1.1079312039
ivm398;0;1.4910907;1.025197025
ivm399;1.3122757;1.4910907;1.2430515219
ivm3994;1.9684136;0;1.1432149932
ivm4;1.9684136;1.4910907;2.1870876754
ivm40;0;1.4910907;1.025197025
ivm4007;1.3122757;0;1.0445618691
ivm401;3.2806893;4.4732722;3.4231434846
ivm4015;1.9684136;0;1.3106293064
ivm4016;1.3122757;0;1.1092619133
ivm4018;1.3122757;0;1.196769734
ivm4020;1.3122757;0;1.2458905154
ivm4023;1.9684136;0;1.4500521888
ivm4029;1.3122757;0;1.0874411669
ivm403;0;1.4910907;1.025197025
ivm4031;1.9684136;0;1.2876598524
ivm4034;2.6245514;0;2.7486989211
ivm4035;5.249103;0;3.9069654468
ivm4037;1.3122757;0;1.9975711599
ivm4050;1.3122757;0;1.7092272272
ivm4051;1.3122757;0;1.1578249332
ivm4057;1.3122757;0;1.2354577617
ivm4058;1.3122757;0;1.1704333563
ivm4069;3.2806893;0;1.6194245857
ivm4076;1.3122757;0;1.0643301523
ivm4078;1.9684136;0;1.1888672049
ivm4079;1.9684136;0;2.475482009
ivm408;1.3122757;0;1.4126912274
ivm4083;1.3122757;0;1.1079312039
ivm4084;1.3122757;0;1.4609060189
ivm4096;1.3122757;0;1.4609060189
ivm4099;1.3122757;0;1.2430515219
ivm410;0;1.4910907;1.025197025
ivm4101;3.936827;0;3.4542830815
ivm4110;1.3122757;0;1.2253445568
ivm412;2.6245514;5.964363;1.882444563
ivm4122;1.9684136;0;3.1393776168
ivm4125;1.3122757;0;1.4609060189
ivm413;0;1.4910907;1.025197025
ivm414;0;1.4910907;1.025197025
ivm4142;1.3122757;0;1.1957983388
ivm415;0;1.4910907;1.025197025
ivm4151;1.3122757;0;1.1994806225
ivm4152;4.592965;0;2.8696984325
ivm4155;2.6245514;0;2.1530772436
ivm4158;2.6245514;0;1.2243287868
ivm416;0;1.4910907;1.025197025
ivm4160;1.3122757;0;1.3356397477
ivm4161;1.3122757;0;1.3156696876
ivm4165;1.3122757;0;1.0643301523
ivm417;0;1.4910907;1.025197025
ivm4174;1.3122757;0;1.2447404334
ivm4175;1.3122757;0;1.3263809251
ivm418;0;1.4910907;1.025197025
ivm419;0;1.4910907;1.025197025
ivm4193;1.3122757;0;1.3156696876
ivm4197;1.3122757;0;1.2488610096
ivm42;1.3122757;2.9821815;1.2615691671
ivm4201;1.3122757;0;1.1450017655
ivm4204;1.9684136;0;1.3722043549
ivm4209;2.6245514;0;2.8184885228
ivm4210;1.3122757;0;1.1804183863
ivm422;1.3122757;0;1.1704333563
ivm4220;3.2806893;0;1.6581461493
ivm4223;1.3122757;0;1.1804183863
ivm4227;1.9684136;0;1.5952496684
ivm4228;1.9684136;0;2.7274766466
ivm4229;3.2806893;0;1.7609425587
ivm423;1.3122757;1.4910907;1.2430515219
ivm4230;1.9684136;0;1.5952496684
ivm4231;5.249103;0;9.0945559702
ivm4236;1.3122757;0;1.4609060189
ivm4240;1.3122757;0;1.1994806225
ivm4242;1.3122757;0;1.1994806225
ivm4244;2.6245514;0;1.6476384448
ivm4246;1.3122757;0;1.2430515219
ivm4250;0;1.4910907;1.025197025
ivm4251;0;1.4910907;1.025197025
ivm4253;0;1.4910907;1.025197025
ivm4254;0;1.4910907;1.025197025
ivm4255;3.2806893;2.9821815;1.6008741651
ivm4256;0;1.4910907;1.025197025
ivm4257;0;1.4910907;1.025197025
ivm4268;2.6245514;0;1.8374312982
ivm4269;1.9684136;0;2.0708986104
ivm427;0;1.4910907;1.025197025
ivm4275;1.9684136;0;1.5853943028
ivm4276;1.9684136;0;2.1959836526
ivm4277;1.9684136;0;3.0298493954
ivm4278;1.3122757;0;1.4609060189
ivm4279;2.6245514;0;1.8748296492
ivm4281;1.9684136;0;1.9733954926
ivm4283;1.3122757;0;1.4216923644
ivm4284;2.6245514;0;1.5952496684
ivm43;0;1.4910907;1.025197025
ivm431;0;1.4910907;1.025197025
ivm432;3.2806893;2.9821815;4.042481937
ivm4322;1.3122757;0;2.002430128
ivm4323;1.3122757;0;1.2430515219
ivm4325;1.9684136;0;1.8003053964
ivm433;0;1.4910907;1.025197025
ivm4337;1.3122757;0;1.1769407174
ivm4348;1.3122757;0;1.4391206553
ivm435;1.9684136;2.9821815;1.2619982701
ivm4357;1.3122757;0;1.4609060189
ivm4358;8.529792;0;7.3625941458
ivm436;1.3122757;2.9821815;1.3356397477
ivm4362;1.9684136;0;1.6351896164
ivm4363;1.3122757;0;1.2572899361
ivm437;0;1.4910907;1.025197025
ivm4370;1.3122757;0;1.1994806225
ivm4373;1.3122757;0;1.0643301523
ivm4378;1.9684136;0;1.4899532851
ivm438;0;1.4910907;1.025197025
ivm4384;1.3122757;0;1.5072001318
ivm439;1.9684136;1.4910907;1.4609060189
ivm4398;1.3122757;0;3.0940895721
ivm4399;1.3122757;0;1.0445618691
ivm44;0;1.4910907;1.025197025
ivm440;0;1.4910907;1.025197025
ivm4404;1.3122757;0;1.4609060189
ivm4409;1.3122757;0;1.3156696876
ivm441;0;1.4910907;1.025197025
ivm4412;3.2806893;0;2.4074952501
ivm4413;1.3122757;0;1.0394825657
ivm4414;1.9684136;0;1.5952496684
ivm4418;1.3122757;0;1.6783764939
ivm4419;2.6245514;0;3.8235390332
ivm442;0;1.4910907;1.025197025
ivm4422;2.6245514;0;1.9692331784
ivm4426;1.9684136;0;1.9314717323
ivm4428;1.3122757;0;2.385877473
ivm443;0;1.4910907;1.025197025
ivm444;3.2806893;0;3.2985998305
ivm4442;1.3122757;0;1.0445618691
ivm4443;3.2806893;0;2.5592403879
ivm4444;2.6245514;0;1.8085104509
ivm4445;1.9684136;0;1.3239602505
ivm4448;1.3122757;0;1.2266398403
ivm4459;1.3122757;0;1.097091898
ivm446;1.3122757;1.4910907;1.1704333563
ivm447;0;1.4910907;1.025197025
ivm4477;1.3122757;0;1.2365159128
ivm4479;1.3122757;0;1.234685385
ivm448;1.3122757;1.4910907;1.4609060189
ivm4480;2.6245514;0;1.766878688
ivm4482;1.3122757;0;1.1220212458
ivm4495;1.3122757;0;1.104416842
ivm45;0;1.4910907;1.025197025
ivm450;0;1.4910907;1.025197025
ivm4501;1.9684136;0;1.2474086192
ivm4506;1.3122757;0;2.7686017034
ivm451;1.3122757;0;1.4609060189
ivm4510;3.2806893;0;3.6604958113
ivm4511;5.9052407;0;4.2391649159
ivm4517;1.9684136;0;1.1991418052
ivm453;1.3122757;1.4910907;1.3156696876
ivm4530;1.3122757;0;1.1704333563
ivm4531;1.9684136;0;1.4899532851
ivm4533;1.3122757;0;1.4609060189
ivm454;1.3122757;0;1.1804183863
ivm4540;2.6245514;0;1.5355414891
ivm4543;1.3122757;0;1.1220212458
ivm4548;1.3122757;0;1.5534942447
ivm4549;1.9684136;0;1.3950834546
ivm4550;1.9684136;0;1.5020563414
ivm4551;1.9684136;0;2.7000130286
ivm4556;1.9684136;0;1.595975962
ivm456;0;1.4910907;1.025197025
ivm4561;1.9684136;0;7.5540141018
ivm4567;1.9684136;0;2.4557749744
ivm4568;1.9684136;0;1.8429374251
ivm4569;1.9684136;0;3.2957860169
ivm457;0;1.4910907;1.025197025
ivm4570;1.9684136;0;1.574281256
ivm4571;1.3122757;0;1.8312589221
ivm4574;1.3122757;0;1.1205688883
ivm4575;3.2806893;0;2.2275562528
ivm4577;3.2806893;0;1.9517306976
ivm4582;1.3122757;0;1.3156696876
ivm4583;1.3122757;0;1.4095438789
ivm4584;2.6245514;0;4.9207372247
ivm4586;3.2806893;0;2.6614961405
ivm4588;1.9684136;0;1.0948228196
ivm4591;1.9684136;0;1.1432149932
ivm4594;3.2806893;0;2.4409337601
ivm4597;1.9684136;0;1.8748296492
ivm4598;1.3122757;0;1.2430515219
ivm46;1.3122757;1.4910907;1.1994806225
ivm460;2.6245514;2.9821815;1.7250546287
ivm4601;3.936827;0;1.5682122575
ivm4610;1.9684136;0;1.5386075509
ivm4611;2.6245514;0;1.5194040096
ivm4612;1.9684136;0;1.4700199903
ivm4614;1.3122757;0;1.3156696876
ivm462;4.592965;5.964363;2.4119478496
ivm4632;2.6245514;0;2.3105386431
ivm465;1.3122757;0;1.2026677852
ivm4660;1.3122757;0;1.562571623
ivm4663;3.2806893;0;3.9796280671
ivm4678;1.3122757;0;1.4609060189
ivm4680;1.3122757;0;1.2739142638
ivm4681;1.3122757;0;1.1220212458
ivm469;1.3122757;0;1.4609060189
ivm4696;1.9684136;0;1.4899532851
ivm4697;5.9052407;0;5.1692523227
ivm4698;1.3122757;0;1.1910085175
ivm4700;1.3122757;0;1.2206436456
ivm4703;3.2806893;0;1.5948713823
ivm4704;1.3122757;0;1.2430515219
ivm4708;1.3122757;0;1.0445618691
ivm4713;1.9684136;0;1.148655543
ivm4720;1.3122757;0;1.1232221392
ivm4735;1.9684136;0;3.0551735955
ivm474;1.3122757;2.9821815;1.2012960982
ivm4743;3.2806893;0;1.6726369639
ivm4748;1.3122757;0;1.0382032636
ivm475;1.3122757;1.4910907;1.4609060189
ivm4751;1.3122757;0;1.0922291779
ivm4753;8.529792;0;4.8555436049
ivm476;1.9684136;2.9821815;2.3221979108
ivm4760;1.3122757;0;1.1232221392
ivm4764;4.592965;0;4.8031578036
ivm4773;1.3122757;0;1.1994806225
ivm4774;1.9684136;0;1.2586125574
ivm4776;1.3122757;0;1.1744102751
ivm4777;1.3122757;0;1.2430515219
ivm4781;1.3122757;0;1.2831075058
ivm4793;1.9684136;0;2.6805287441
ivm4794;2.6245514;0;1.7702147884
ivm4796;1.3122757;0;1.3156696876
ivm4809;1.3122757;0;1.0910879568
ivm4819;1.3122757;0;1.4609060189
ivm4824;1.9684136;0;1.4877969344
ivm4829;1.3122757;0;1.1994806225
ivm483;1.3122757;2.9821815;1.0643301523
ivm4830;1.9684136;0;1.6059303476
ivm4832;1.9684136;0;2.195248091
ivm4833;2.6245514;0;1.2953002051
ivm4836;1.3122757;0;1.2972156405
ivm4837;4.592965;0;2.3116253783
ivm484;1.9684136;2.9821815;1.8196687527
ivm4840;1.9684136;0;1.5393336722
ivm4841;2.6245514;0;1.4710220321
ivm4845;2.6245514;0;1.7717809567
ivm4847;1.9684136;0;1.595324888
ivm4852;1.3122757;0;1.3156696876
ivm4859;1.3122757;0;1.087349639
ivm4861;1.3122757;0;1.1704333563
ivm4865;3.2806893;0;1.6941569437
ivm487;0;1.4910907;1.025197025
ivm4876;1.3122757;0;1.0450224223
ivm4882;1.3122757;0;2.0200659805
ivm489;0;1.4910907;1.025197025
ivm4891;1.3122757;0;1.2430515219
ivm49;0;1.4910907;1.025197025
ivm490;0;1.4910907;1.025197025
ivm4901;2.6245514;0;2.1956749743
ivm4906;1.3122757;0;1.1545251782
ivm491;2.6245514;0;2.3588070546
ivm4911;1.3122757;0;1.0574717652
ivm4918;1.3122757;0;1.3156696876
ivm4919;1.9684136;0;1.8003053964
ivm492;0;1.4910907;1.025197025
ivm4920;1.3122757;0;1.4609060189
ivm493;0;1.4910907;1.025197025
ivm4940;1.3122757;0;1.2430515219
ivm495;1.3122757;2.9821815;1.1881412842
ivm4954;1.9684136;0;1.2169877278
ivm496;0;1.4910907;1.025197025
ivm4961;1.9684136;0;1.3108641867
ivm4967;1.3122757;0;1.3156696876
ivm497;0;1.4910907;1.025197025
ivm4987;1.3122757;0;1.1323088265
ivm4996;1.9684136;0;1.5534942447
ivm4998;1.3122757;0;1.1994806225
ivm5;1.3122757;1.4910907;1.8966150128
ivm50;0;1.4910907;1.025197025
ivm500;1.3122757;1.4910907;1.3156696876
ivm5002;1.3122757;0;1.4609060189
ivm5006;1.3122757;0;1.4868738975
ivm501;2.6245514;2.9821815;2.7114563728
ivm5014;1.3122757;0;1.166933036
ivm5020;2.6245514;0;1.8585333745
ivm5022;1.3122757;0;1.175274596
ivm5025;1.3122757;0;1.9951240781
ivm5028;1.3122757;0;1.1220212458
ivm503;5.249103;0;3.3400019199
ivm5034;1.9684136;0;2.1041617926
ivm5039;1.3122757;0;1.0666931196
ivm504;1.9684136;2.9821815;1.3328872635
ivm5048;1.9684136;0;1.3207758248
ivm505;0;1.4910907;1.025197025
ivm5053;1.3122757;0;1.1496853089
ivm5055;1.3122757;0;1.1092619133
ivm5062;1.3122757;0;1.1341242734
ivm5068;1.3122757;0;1.2430515219
ivm5070;1.3122757;0;1.0874411669
ivm5078;1.3122757;0;1.4391206553
ivm51;1.3122757;1.4910907;1.1220212458
ivm510;1.9684136;2.9821815;1.3157067521
ivm5102;1.3122757;0;1.7458422493
ivm5109;1.3122757;0;1.7458422493
ivm5119;1.3122757;0;1.0615061078
ivm512;3.936827;5.964363;2.0892935517
ivm5123;1.3122757;0;1.2329552242
ivm513;1.9684136;1.4910907;1.6351896164
ivm5135;1.3122757;0;1.1220212458
ivm5136;1.3122757;0;1.3156696876
ivm5138;1.3122757;0;1.1994806225
ivm514;1.9684136;4.4732722;1.5222208648
ivm5140;1.3122757;0;1.1994806225
ivm5142;1.3122757;0;1.1886726426
ivm5145;1.3122757;0;1.1881412842
ivm515;0;1.4910907;1.025197025
ivm5151;1.9684136;0;2.2177690162
ivm516;1.3122757;1.4910907;1.1220212458
ivm5161;1.3122757;0;1.2402895105
ivm5162;1.3122757;0;1.0481290773
ivm5163;1.9684136;0;1.6787605158
ivm5165;1.3122757;0;1.0481290773
ivm5168;1.3122757;0;1.3979703327
ivm517;1.3122757;2.9821815;2.6373208192
ivm518;0;1.4910907;1.025197025
ivm5182;1.3122757;0;1.3156696876
ivm5185;1.3122757;0;1.3156696876
ivm5187;1.9684136;0;1.393129093
ivm519;1.3122757;1.4910907;1.4609060189
ivm5190;1.3122757;0;1.3156696876
ivm52;2.6245514;2.9821815;1.8078594961
ivm520;1.3122757;1.4910907;1.1704333563
ivm5200;1.9684136;0;1.5386458442
ivm5203;1.9684136;0;3.2875260203
ivm5208;1.3122757;0;1.1955750656
ivm521;0;1.4910907;1.025197025
ivm522;0;1.4910907;1.025197025
ivm5222;1.3122757;0;1.1496853089
ivm5227;5.249103;0;5.2711706168
ivm5229;1.3122757;0;1.3156696876
ivm523;1.9684136;1.4910907;1.4173351195
ivm5238;1.3122757;0;1.1994806225
ivm524;0;1.4910907;1.025197025
ivm5242;1.9684136;0;1.9893446084
ivm5243;1.3122757;0;1.1452974559
ivm526;0;1.4910907;1.025197025
ivm528;1.3122757;1.4910907;1.3156696876
ivm5287;1.3122757;0;1.0445618691
ivm5288;1.9684136;0;1.501069604
ivm5294;1.3122757;0;1.1478987277
ivm5295;1.3122757;0;1.5053848283
ivm53;0;1.4910907;1.025197025
ivm530;0;1.4910907;1.025197025
ivm5301;1.9684136;0;2.0708986104
ivm5304;3.2806893;0;1.6846452231
ivm531;1.9684136;2.9821815;2.9994496615
ivm5310;1.3122757;0;1.3476217838
ivm5315;2.6245514;0;1.4475833365
ivm532;4.592965;10.437635;2.7671471038
ivm533;3.2806893;0;3.6730471378
ivm5330;1.3122757;0;1.4018434776
ivm5331;1.3122757;0;1.5843569866
ivm534;1.3122757;1.4910907;1.1994806225
ivm5341;3.2806893;0;1.8419116795
ivm5342;1.3122757;0;1.1994806225
ivm5345;2.6245514;0;1.739943261
ivm5348;2.6245514;0;2.2395677752
ivm5350;1.3122757;0;1.0874411669
ivm5352;2.6245514;0;2.7680330006
ivm5361;1.9684136;0;1.1741307988
ivm5362;3.2806893;0;1.2947092569
ivm5368;1.3122757;0;1.0653606101
ivm537;0;1.4910907;1.025197025
ivm538;0;1.4910907;1.025197025
ivm5386;1.3122757;0;1.3156696876
ivm5387;1.3122757;0;1.1886726426
ivm539;1.9684136;2.9821815;1.3565174596
ivm5396;3.2806893;0;1.7484377054
ivm540;3.2806893;5.964363;3.682007154
ivm5402;1.3122757;0;1.2427984426
ivm541;0;1.4910907;1.025197025
ivm5424;1.3122757;0;1.2430515219
ivm5427;1.3122757;0;1.0630368322
ivm5432;1.3122757;0;1.2483168971
ivm5433;2.6245514;0;1.3006931466
ivm5435;3.2806893;0;5.5870680831
ivm5444;1.3122757;0;1.2483168971
ivm546;3.936827;5.964363;3.5922237708
ivm5463;1.3122757;0;1.1323088265
ivm5475;2.6245514;0;1.7250546287
ivm5477;1.9684136;0;1.5020563414
ivm5481;1.9684136;0;2.0708986104
ivm5482;1.3122757;0;1.1341242734
ivm549;1.9684136;0;2.0843657192
ivm5493;1.3122757;0;1.2488610096
ivm5496;2.6245514;0;1.3819445243
ivm5498;1.3122757;0;1.1994806225
ivm55;0;1.4910907;1.025197025
ivm5504;1.3122757;0;1.0549301299
ivm5509;1.9684136;0;1.3981610026
ivm551;0;1.4910907;1.025197025
ivm5513;9.842068;0;9.128462444
ivm5514;1.3122757;0;1.1160617035
ivm5517;1.3122757;0;1.2427984426
ivm5519;2.6245514;0;1.6351184604
ivm552;0;1.4910907;1.025197025
ivm5528;1.3122757;0;1.4609060189
ivm553;1.3122757;2.9821815;1.3827022373
ivm5534;1.3122757;0;1.3356397477
ivm5536;3.2806893;0;2.3431483398
ivm5537;1.3122757;0;1.3156696876
ivm5539;1.3122757;0;1.4609060189
ivm554;1.3122757;1.4910907;1.3156696876
ivm5541;1.9684136;0;2.2489878178
ivm555;0;1.4910907;1.025197025
ivm556;2.6245514;4.4732722;3.066494204
ivm5562;1.3122757;0;1.1704333563
ivm557;1.3122757;1.4910907;1.8966150128
ivm5571;1.3122757;0;1.4235985838
ivm5578;1.3122757;0;1.2644541922
ivm5579;1.3122757;0;1.2644541922
ivm558;7.2175164;16.401998;3.743519232
ivm5581;1.3122757;0;1.1994806225
ivm5583;1.3122757;0;1.1704333563
ivm5584;1.9684136;0;1.629203852
ivm559;1.3122757;1.4910907;1.3156696876
ivm5591;1.3122757;0;1.4609060189
ivm5593;1.3122757;0;1.1220212458
ivm56;0;1.4910907;1.025197025
ivm560;1.9684136;1.4910907;1.4957627384
ivm5618;1.3122757;0;1.1220212458
ivm5633;3.936827;0;1.5941678145
ivm5636;1.9684136;0;1.6321102288
ivm564;1.9684136;2.9821815;1.5952496684
ivm5641;1.3122757;0;1.1220212458
ivm5645;1.3122757;0;1.1994806225
ivm5646;1.9684136;0;1.6787605158
ivm565;1.9684136;2.9821815;1.3127649724
ivm5654;1.3122757;0;1.1220212458
ivm566;1.3122757;2.9821815;1.8312589221
ivm5661;1.3122757;0;1.097943673
ivm5672;1.3122757;0;1.5843569866
ivm5674;1.3122757;0;1.0445618691
ivm5677;1.9684136;0;1.4543704098
ivm5679;1.3122757;0;1.5843569866
ivm568;1.3122757;2.9821815;1.8312589221
ivm5689;1.9684136;0;1.3052956639
ivm569;1.3122757;1.4910907;1.2430515219
ivm5690;1.3122757;0;1.0643301523
ivm5692;1.3122757;0;1.0832484432
ivm5694;2.6245514;0;2.1663396281
ivm5698;1.9684136;0;1.7078079543
ivm57;0;1.4910907;1.025197025
ivm570;0;1.4910907;1.025197025
ivm5706;1.9684136;0;1.5853943028
ivm5718;2.6245514;0;1.9125004249
ivm574;0;1.4910907;1.025197025
ivm5740;1.3122757;0;1.1761390877
ivm5745;1.3122757;0;1.2488610096
ivm575;1.9684136;0;1.621167915
ivm5760;1.3122757;0;1.8099076461
ivm577;1.3122757;0;1.3156696876
ivm5771;1.3122757;0;2.0012510442
ivm5779;2.6245514;0;2.0211032968
ivm5786;1.3122757;0;1.0874411669
ivm5792;1.3122757;0;1.030930038
ivm5796;2.6245514;0;2.5268950735
ivm5798;1.3122757;0;1.2644541922
ivm58;1.9684136;1.4910907;1.6061423502
ivm5801;1.9684136;0;2.4339896109
ivm5804;1.9684136;0;1.6787605158
ivm5808;1.3122757;0;1.21008811
ivm581;1.3122757;0;1.2893456348
ivm5817;1.9684136;0;1.1991418052
ivm5820;1.3122757;0;1.1205579892
ivm5854;1.9684136;0;1.3737642201
ivm5856;1.9684136;0;1.2729633086
ivm5862;3.936827;0;3.4049399738
ivm5869;3.2806893;0;2.9132693319
ivm5872;1.9684136;0;1.3733814407
ivm5873;1.3122757;0;1.1704333563
ivm5877;3.936827;0;2.5066076043
ivm5880;1.3122757;0;1.1704333563
ivm5882;1.3122757;0;1.2243978044
ivm5883;1.3122757;0;1.11332518
ivm589;1.9684136;0;1.4191505952
ivm5891;1.3122757;0;1.2430515219
ivm5894;2.6245514;0;1.6418798045
ivm59;0;1.4910907;1.025197025
ivm590;1.9684136;2.9821815;1.293180086
ivm591;1.3122757;1.4910907;1.2430515219
ivm5911;1.9684136;0;1.2665313983
ivm592;1.3122757;2.9821815;1.3979703327
ivm593;0;1.4910907;1.025197025
ivm5931;1.9684136;0;2.3641876281
ivm5932;1.3122757;0;1.2430515219
ivm595;0;1.4910907;1.025197025
ivm5951;1.3122757;0;1.1496853089
ivm5953;1.9684136;0;1.6787605158
ivm596;1.3122757;0;1.0643301523
ivm5962;1.3122757;0;3.0922640988
ivm597;1.3122757;1.4910907;1.2430515219
ivm5971;1.3122757;0;1.3156696876
ivm598;0;1.4910907;1.025197025
ivm5993;1.9684136;0;1.615454977
ivm60;0;1.4910907;1.025197025
ivm600;1.3122757;2.9821815;2.266967916
ivm6000;1.3122757;0;1.2800868122
ivm6007;1.3122757;0;1.0682770807
ivm601;0;1.4910907;1.025197025
ivm6010;1.3122757;0;1.2430515219
ivm6013;3.936827;0;3.1377235246
ivm6015;1.3122757;0;1.4609060189
ivm6017;1.3122757;0;1.2052993109
ivm6019;0;1.4910907;1.025197025
ivm6020;0;1.4910907;1.025197025
ivm6022;0;1.4910907;1.025197025
ivm6024;0;1.4910907;1.025197025
ivm6025;0;1.4910907;1.025197025
ivm6026;0;1.4910907;1.025197025
ivm6027;0;1.4910907;1.025197025
ivm6028;1.9684136;1.4910907;1.3882878532
ivm603;0;1.4910907;1.025197025
ivm6030;0;1.4910907;1.025197025
ivm6033;1.3122757;0;1.097091898
ivm6034;1.3122757;0;1.0687679243
ivm6039;1.3122757;0;1.11332518
ivm6041;1.3122757;0;1.2430515219
ivm6057;1.3122757;0;1.2999456528
ivm606;0;1.4910907;1.025197025
ivm6064;1.3122757;0;2.0341853541
ivm607;0;1.4910907;1.025197025
ivm6095;1.9684136;0;1.3084078997
ivm6097;1.9684136;0;1.3756794301
ivm61;0;1.4910907;1.025197025
ivm610;2.6245514;4.4732722;2.1625068393
ivm6100;4.592965;0;2.9803207094
ivm6102;3.2806893;0;1.8893532249
ivm6107;1.3122757;0;1.3650500747
ivm6108;1.9684136;0;1.5359448762
ivm611;0;1.4910907;1.025197025
ivm6110;2.6245514;0;3.1166005403
ivm6123;1.3122757;0;1.1341242734
ivm6128;1.3122757;0;1.1496853089
ivm613;0;1.4910907;1.025197025
ivm6133;1.3122757;0;1.1220212458
ivm614;1.9684136;4.4732722;1.3783623841
ivm6146;1.3122757;0;1.1123388237
ivm6149;1.9684136;0;1.4537804613
ivm615;1.9684136;4.4732722;1.6883282315
ivm6151;1.3122757;0;1.3156696876
ivm6159;1.3122757;0;1.0517220905
ivm616;1.3122757;1.4910907;1.8966150128
ivm6165;1.9684136;0;3.2309856253
ivm6168;1.3122757;0;1.4609060189
ivm6169;5.9052407;0;2.9749129542
ivm6173;1.3122757;0;1.1092619133
ivm6183;1.9684136;0;1.2699202518
ivm6189;1.3122757;0;1.4178564495
ivm619;1.3122757;2.9821815;1.1916678004
ivm6195;1.3122757;0;1.2644541922
ivm62;1.3122757;1.4910907;1.8966150128
ivm621;0;1.4910907;1.025197025
ivm622;1.3122757;1.4910907;1.4609060189
ivm6225;1.3122757;0;1.2028472674
ivm623;1.3122757;1.4910907;1.4609060189
ivm6231;1.3122757;0;1.2644541922
ivm6235;1.3122757;0;1.0445618691
ivm624;0;1.4910907;1.025197025
ivm6244;1.3122757;0;1.4609060189
ivm6257;1.3122757;0;1.6460824705
ivm6258;1.9684136;0;1.4423559272
ivm6267;1.9684136;0;1.2119294509
ivm6269;1.9684136;0;1.5952496684
ivm627;2.6245514;2.9821815;1.5126464727
ivm6270;2.6245514;0;2.8878533615
ivm6271;1.3122757;0;1.3156696876
ivm6273;1.3122757;0;1.0450019792
ivm6275;1.9684136;0;2.8883884685
ivm6276;1.3122757;0;1.2430515219
ivm628;0;1.4910907;1.025197025
ivm629;0;1.4910907;1.025197025
ivm6295;2.6245514;0;2.4875453681
ivm630;1.3122757;1.4910907;1.4609060189
ivm6312;1.3122757;0;1.2012960982
ivm6330;2.6245514;0;1.8070072864
ivm6332;1.3122757;0;1.1341242734
ivm6337;1.3122757;0;1.039994206
ivm634;0;1.4910907;1.025197025
ivm6345;1.3122757;0;1.1092619133
ivm6347;3.2806893;0;1.7233688463
ivm635;1.3122757;1.4910907;1.4609060189
ivm6354;1.3122757;0;1.3230688694
ivm6368;1.9684136;0;1.3733814407
ivm637;1.3122757;1.4910907;1.4609060189
ivm6372;1.3122757;0;1.3230688694
ivm6385;1.9684136;0;1.6061423502
ivm6386;2.6245514;0;2.2112937306
ivm639;0;1.4910907;1.025197025
ivm6391;1.3122757;0;1.1769407174
ivm6392;3.936827;0;5.2623038704
ivm6398;1.3122757;0;1.4609060189
ivm64;0;1.4910907;1.025197025
ivm640;0;1.4910907;1.025197025
ivm6400;1.3122757;0;1.2028472674
ivm6407;1.9684136;0;1.3084078997
ivm641;0;1.4910907;1.025197025
ivm6419;2.6245514;0;1.7972212717
ivm6427;1.3122757;0;1.3839913911
ivm643;1.3122757;1.4910907;1.2430515219
ivm6430;1.3122757;0;1.1220212458
ivm6437;1.9684136;0;1.4210809765
ivm645;0;1.4910907;1.025197025
ivm6459;1.3122757;0;1.0445618691
ivm6462;1.9684136;0;2.9266173512
ivm6464;1.9684136;0;1.7513786815
ivm6468;1.3122757;0;1.2488610096
ivm647;1.3122757;2.9821815;1.7938930566
ivm6470;1.9684136;0;1.2586125574
ivm6475;1.9684136;0;3.704329081
ivm6484;1.3122757;0;1.0445618691
ivm6486;1.3122757;0;1.1092619133
ivm6487;1.9684136;0;1.2586125574
ivm6493;1.3122757;0;1.1220212458
ivm65;0;1.4910907;1.025197025
ivm650;2.6245514;0;2.1296847527
ivm6507;1.3122757;0;1.097091898
ivm6516;1.3122757;0;1.1540355744
ivm6519;1.3122757;0;1.1078238828
ivm652;0;1.4910907;1.025197025
ivm6523;1.3122757;0;1.4712218192
ivm6528;1.3122757;0;1.2430515219
ivm653;0;1.4910907;1.025197025
ivm6534;3.2806893;0;1.8686051776
ivm655;3.2806893;4.4732722;1.4907832366
ivm6554;1.3122757;2.9821815;1.1207178627
ivm6556;1.3122757;0;1.1078238828
ivm6559;2.6245514;0;2.698319665
ivm656;0;1.4910907;1.025197025
ivm657;0;1.4910907;1.025197025
ivm658;0;1.4910907;1.025197025
ivm6580;1.3122757;0;1.1160617035
ivm6581;1.3122757;0;1.1631715684
ivm6584;1.3122757;0;1.1578249332
ivm6589;1.3122757;0;1.097091898
ivm659;3.2806893;5.964363;1.7493411382
ivm6591;1.9684136;0;1.3663295216
ivm6592;1.9684136;0;1.1568960794
ivm6594;1.3122757;0;1.1994806225
ivm66;1.3122757;1.4910907;1.4609060189
ivm6602;3.936827;0;1.8814477447
ivm661;1.3122757;1.4910907;1.3156696876
ivm6613;1.3122757;0;1.3156696876
ivm6619;1.9684136;0;1.5142441378
ivm662;0;1.4910907;1.025197025
ivm6632;1.3122757;0;1.1474736133
ivm664;1.3122757;2.9821815;1.944143644
ivm6654;1.3122757;0;1.2215207203
ivm6655;1.9684136;0;1.7567646989
ivm6657;1.9684136;0;1.2665313983
ivm6659;3.936827;0;1.5072784779
ivm6664;1.9684136;0;1.7295933179
ivm667;0;1.4910907;1.025197025
ivm6671;1.3122757;0;1.097091898
ivm6677;1.9684136;0;1.7295933179
ivm669;0;1.4910907;1.025197025
ivm6695;0;1.4910907;1.025197025
ivm6696;0;1.4910907;1.025197025
ivm6697;0;1.4910907;1.025197025
ivm6698;0;1.4910907;1.025197025
ivm6699;0;1.4910907;1.025197025
ivm67;0;1.4910907;1.025197025
ivm6700;0;1.4910907;1.025197025
ivm6701;0;1.4910907;1.025197025
ivm6705;0;1.4910907;1.025197025
ivm6708;0;1.4910907;1.025197025
ivm6709;0;1.4910907;1.025197025
ivm6710;0;1.4910907;1.025197025
ivm6711;1.3122757;1.4910907;1.1704333563
ivm6712;0;1.4910907;1.025197025
ivm6713;0;1.4910907;1.025197025
ivm6716;1.3122757;2.9821815;1.2615691671
ivm6717;0;1.4910907;1.025197025
ivm6718;1.3122757;1.4910907;1.3156696876
ivm6720;0;1.4910907;1.025197025
ivm6721;0;1.4910907;1.025197025
ivm6723;0;1.4910907;1.025197025
ivm6724;0;1.4910907;1.025197025
ivm6725;1.9684136;2.9821815;1.5952496684
ivm6727;0;1.4910907;1.025197025
ivm6731;0;1.4910907;1.025197025
ivm6732;0;1.4910907;1.025197025
ivm6733;0;1.4910907;1.025197025
ivm6734;0;1.4910907;1.025197025
ivm6735;0;1.4910907;1.025197025
ivm6736;0;1.4910907;1.025197025
ivm6739;0;1.4910907;1.025197025
ivm6742;1.3122757;0;1.0811302998
ivm6744;1.3122757;0;1.1994806225
ivm675;11.8104814;14.910907;6.4424731332
ivm676;1.3122757;1.4910907;1.2430515219
ivm6762;1.3122757;0;1.0574717652
ivm6770;1.3122757;0;1.4609060189
ivm6782;1.3122757;0;1.1886726426
ivm6785;1.3122757;0;1.4596958166
ivm6794;1.3122757;0;1.0653606101
ivm680;0;1.4910907;1.025197025
ivm6804;2.6245514;0;1.1715326727
ivm6805;2.6245514;0;1.4867561772
ivm681;1.9684136;2.9821815;1.5175483661
ivm6813;1.3122757;0;1.4609060189
ivm6815;1.3122757;0;1.0682770807
ivm6818;1.9684136;0;1.6267175115
ivm682;1.3122757;1.4910907;1.4609060189
ivm6827;1.3122757;0;1.0651370222
ivm6832;2.6245514;0;1.5724446002
ivm6837;1.3122757;0;1.1496853089
ivm685;1.9684136;4.4732722;3.1484080324
ivm6857;1.3122757;0;1.562571623
ivm6862;1.9684136;0;1.6061423502
ivm6867;1.9684136;0;1.9926202088
ivm6870;1.3122757;0;1.4596958166
ivm6879;2.6245514;0;1.7306306342
ivm6883;1.3122757;0;1.1886726426
ivm689;5.9052407;0;5.9110351628
ivm69;0;1.4910907;1.025197025
ivm690;1.9684136;2.9821815;2.7026769099
ivm6902;1.9684136;0;1.7901085995
ivm6904;1.9684136;0;1.7128767569
ivm6905;3.2806893;0;1.6064419638
ivm6906;1.9684136;0;1.4902109633
ivm6907;1.9684136;0;1.2324194879
ivm6908;3.936827;0;1.7636629145
ivm6913;2.6245514;0;1.7663861673
ivm6918;1.9684136;0;1.3310661154
ivm692;1.3122757;2.9821815;1.229356174
ivm6926;1.9684136;0;2.0708986104
ivm6927;1.9684136;0;4.1826033011
ivm693;1.9684136;2.9821815;1.3604509041
ivm6940;1.3122757;1.4910907;1.3156696876
ivm6943;0;1.4910907;1.025197025
ivm6944;0;1.4910907;1.025197025
ivm6945;0;1.4910907;1.025197025
ivm6946;1.3122757;1.4910907;1.1496853089
ivm6949;1.9684136;0;1.5521054277
ivm695;1.3122757;0;1.9502401345
ivm6950;1.9684136;0;1.2177199089
ivm6954;1.9684136;0;1.480876079
ivm6957;1.3122757;0;1.8987734134
ivm6959;1.9684136;0;1.5853943028
ivm696;3.2806893;5.964363;2.4743407789
ivm6964;1.3122757;0;1.6460824705
ivm6967;1.3122757;0;1.2430515219
ivm6969;1.9684136;0;1.956714299
ivm6973;2.6245514;0;2.7125253526
ivm6975;1.3122757;0;1.2430515219
ivm6977;1.3122757;0;2.2273866336
ivm698;1.9684136;2.9821815;2.3302651665
ivm6984;1.3122757;0;1.1704333563
ivm6988;3.936827;0;2.0138833901
ivm6989;2.6245514;0;1.6437223423
ivm699;2.6245514;0;3.8506242477
ivm6990;2.6245514;0;1.6162570448
ivm6993;5.9052407;0;2.6196884697
ivm6994;1.9684136;0;1.2368271077
ivm6995;1.3122757;0;1.104416842
ivm6999;1.3122757;0;1.4609060189
ivm7;4.592965;4.4732722;3.4469287403
ivm70;0;1.4910907;1.025197025
ivm700;0;1.4910907;1.025197025
ivm7005;1.9684136;0;1.4305686052
ivm7007;1.9684136;0;1.3324263387
ivm7010;1.3122757;0;1.4133461778
ivm7015;1.9684136;0;3.4700903717
ivm702;1.3122757;1.4910907;1.0615061078
ivm7020;1.9684136;0;1.1380487256
ivm703;0;1.4910907;1.025197025
ivm7035;1.3122757;0;1.3156696876
ivm7036;1.9684136;0;1.417334151
ivm7037;1.9684136;0;1.4609060189
ivm7038;1.3122757;0;1.3156696876
ivm7039;1.3122757;0;1.0516036306
ivm704;0;1.4910907;1.025197025
ivm7040;1.3122757;0;1.0516036306
ivm7041;1.9684136;0;1.5323442804
ivm7049;1.3122757;0;1.1994806225
ivm7052;1.3122757;0;1.2427984426
ivm707;3.2806893;5.964363;2.3914606695
ivm7079;1.9684136;0;1.6787605158
ivm708;0;1.4910907;1.025197025
ivm7080;1.3122757;0;1.2430515219
ivm7089;1.3122757;0;1.0445618691
ivm709;1.9684136;4.4732722;1.4352678096
ivm7090;1.9684136;0;1.3653334025
ivm710;0;1.4910907;1.025197025
ivm7104;0;1.4910907;1.025197025
ivm7106;0;1.4910907;1.025197025
ivm7108;0;1.4910907;1.025197025
ivm7111;0;1.4910907;1.025197025
ivm7113;0;1.4910907;1.025197025
ivm7114;0;1.4910907;1.025197025
ivm7115;0;1.4910907;1.025197025
ivm7117;0;1.4910907;1.025197025
ivm7118;0;1.4910907;1.025197025
ivm7119;0;1.4910907;1.025197025
ivm712;5.9052407;10.437635;2.6298784383
ivm7120;0;1.4910907;1.025197025
ivm7121;0;1.4910907;1.025197025
ivm7122;0;1.4910907;1.025197025
ivm7125;0;1.4910907;1.025197025
ivm7126;1.3122757;1.4910907;1.1704333563
ivm7129;1.3122757;1.4910907;1.2430515219
ivm713;1.3122757;0;1.6608174077
ivm7130;0;1.4910907;1.025197025
ivm7131;0;1.4910907;1.025197025
ivm7132;1.3122757;1.4910907;1.0978151906
ivm7133;0;1.4910907;1.025197025
ivm7135;0;1.4910907;1.025197025
ivm7136;0;1.4910907;1.025197025
ivm7139;0;1.4910907;1.025197025
ivm714;1.3122757;1.4910907;1.1704333563
ivm7142;0;1.4910907;1.025197025
ivm7144;0;1.4910907;1.025197025
ivm7146;0;1.4910907;1.025197025
ivm7148;0;1.4910907;1.025197025
ivm7149;1.3122757;1.4910907;1.1994806225
ivm715;1.3122757;1.4910907;1.4609060189
ivm7150;0;1.4910907;1.025197025
ivm7151;0;1.4910907;1.025197025
ivm7152;0;1.4910907;1.025197025
ivm7156;0;1.4910907;1.025197025
ivm7158;0;1.4910907;1.025197025
ivm7160;0;1.4910907;1.025197025
ivm7164;0;1.4910907;1.025197025
ivm7167;0;1.4910907;1.025197025
ivm7168;1.3122757;1.4910907;1.4609060189
ivm717;0;1.4910907;1.025197025
ivm7171;0;1.4910907;1.025197025
ivm7172;0;1.4910907;1.025197025
ivm7173;0;1.4910907;1.025197025
ivm7175;1.3122757;1.4910907;1.4609060189
ivm7179;1.3122757;0;1.2236407132
ivm7180;1.9684136;0;1.6025115711
ivm7185;1.9684136;0;1.2802565582
ivm7188;4.592965;0;4.620367076
ivm7189;1.3122757;0;1.097943673
ivm720;1.3122757;1.4910907;1.4609060189
ivm7207;1.3122757;0;1.2728250818
ivm721;1.3122757;1.4910907;1.3156696876
ivm722;0;1.4910907;1.025197025
ivm7223;2.6245514;0;1.8585333745
ivm7228;0;1.4910907;1.025197025
ivm7229;0;1.4910907;1.025197025
ivm723;0;1.4910907;1.025197025
ivm7232;0;1.4910907;1.025197025
ivm7233;0;1.4910907;1.025197025
ivm7234;0;1.4910907;1.025197025
ivm7235;1.3122757;1.4910907;1.2430515219
ivm7236;0;1.4910907;1.025197025
ivm7237;0;1.4910907;1.025197025
ivm7238;0;1.4910907;1.025197025
ivm7243;1.3122757;1.4910907;1.4609060189
ivm7244;0;1.4910907;1.025197025
ivm7245;0;1.4910907;1.025197025
ivm7246;0;1.4910907;1.025197025
ivm7248;0;1.4910907;1.025197025
ivm7249;1.3122757;1.4910907;1.1704333563
ivm725;0;1.4910907;1.025197025
ivm7250;1.3122757;0;1.2430515219
ivm7257;1.9684136;0;1.6787605158
ivm7267;1.3122757;0;1.1496853089
ivm727;0;1.4910907;1.025197025
ivm7273;1.3122757;0;1.2430515219
ivm7276;3.2806893;0;1.5374783097
ivm728;2.6245514;0;2.1870876754
ivm7280;3.2806893;0;2.3620571117
ivm7283;1.3122757;0;1.7888137898
ivm7288;0;1.4910907;1.025197025
ivm7289;0;1.4910907;1.025197025
ivm7290;0;1.4910907;1.025197025
ivm7291;0;1.4910907;1.025197025
ivm7293;0;1.4910907;1.025197025
ivm7294;0;1.4910907;1.025197025
ivm7297;0;1.4910907;1.025197025
ivm7299;0;1.4910907;1.025197025
ivm73;0;1.4910907;1.025197025
ivm730;1.9684136;2.9821815;1.3125574928
ivm7302;0;1.4910907;1.025197025
ivm7304;0;1.4910907;1.025197025
ivm7308;0;1.4910907;1.025197025
ivm7309;0;1.4910907;1.025197025
ivm7312;1.9684136;0;1.3362448489
ivm7313;1.3122757;0;1.3156696876
ivm7315;1.3122757;0;1.1704333563
ivm7319;1.3122757;0;1.315457685
ivm732;1.3122757;1.4910907;1.4609060189
ivm7326;1.3122757;0;1.1886726426
ivm733;0;1.4910907;1.025197025
ivm7330;1.3122757;0;1.315457685
ivm7339;1.9684136;0;6.5275104046
ivm734;3.2806893;2.9821815;1.705765415
ivm7349;1.3122757;0;1.3156696876
ivm7352;1.3122757;0;1.1496853089
ivm7358;1.9684136;0;3.4700903717
ivm7359;1.9684136;0;1.3023470052
ivm736;1.3122757;1.4910907;1.4609060189
ivm7366;1.3122757;0;1.1123388237
ivm737;0;1.4910907;1.025197025
ivm7372;1.3122757;0;1.1496853089
ivm7373;4.592965;0;2.6836799007
ivm7375;1.9684136;0;1.7713487416
ivm738;8.529792;17.893089;4.2620569668
ivm7382;1.3122757;0;1.2430515219
ivm739;1.9684136;2.9821815;1.4722668068
ivm7391;1.3122757;0;1.0764569066
ivm7392;1.3122757;0;1.6460824705
ivm7399;2.6245514;0;3.3589905728
ivm74;1.9684136;1.4910907;1.7513786815
ivm7404;1.9684136;0;1.1798392595
ivm7405;1.9684136;0;1.2736431316
ivm741;1.3122757;1.4910907;1.3156696876
ivm7412;1.3122757;0;1.3156696876
ivm7422;1.3122757;0;1.4609060189
ivm743;3.936827;4.4732722;3.4109767297
ivm7430;2.6245514;0;1.7370620814
ivm7432;4.592965;0;3.2223034573
ivm7437;9.842068;0;5.5917852478
ivm7438;1.3122757;0;1.0426253847
ivm7439;1.9684136;0;1.7165114413
ivm744;0;1.4910907;1.025197025
ivm7454;1.3122757;0;1.0837187282
ivm746;0;1.4910907;1.025197025
ivm7460;1.3122757;0;1.2430515219
ivm7462;1.9684136;0;1.7558971298
ivm7468;1.3122757;0;1.1539508554
ivm747;1.3122757;0;1.2430515219
ivm7477;1.3122757;0;1.4609060189
ivm7480;1.3122757;0;1.1496853089
ivm7481;9.842068;0;6.2461134031
ivm7483;1.3122757;0;1.562571623
ivm7488;2.6245514;0;1.7673624128
ivm7496;1.3122757;0;2.2927036524
ivm7498;0;1.4910907;1.025197025
ivm7499;1.3122757;1.4910907;1.4609060189
ivm75;2.6245514;2.9821815;1.5728590601
ivm7501;0;1.4910907;1.025197025
ivm7503;0;1.4910907;1.025197025
ivm7505;0;1.4910907;1.025197025
ivm7506;0;1.4910907;1.025197025
ivm7507;0;1.4910907;1.025197025
ivm7513;1.3122757;0;1.3356397477
ivm752;0;1.4910907;1.025197025
ivm7526;1.3122757;0;1.2430515219
ivm7534;1.3122757;0;1.097943673
ivm7548;1.3122757;0;1.3047770058
ivm7553;1.3122757;0;1.1994806225
ivm7554;3.2806893;0;2.8157711057
ivm756;0;1.4910907;1.025197025
ivm7562;1.9684136;0;1.0656424193
ivm757;1.9684136;2.9821815;2.8043425141
ivm7572;3.2806893;0;2.0254085984
ivm7579;1.9684136;0;1.2832151071
ivm758;0;1.4910907;1.025197025
ivm7580;1.3122757;0;1.2964657423
ivm7587;1.9684136;0;4.4407938719
ivm7591;3.2806893;0;2.7380311135
ivm7592;2.6245514;0;1.2960718743
ivm7598;1.3122757;0;1.3156696876
ivm760;0;1.4910907;1.025197025
ivm7604;1.3122757;0;1.097943673
ivm7617;1.3122757;0;1.0961836258
ivm7622;1.3122757;0;1.4902076774
ivm7624;1.3122757;0;1.2430515219
ivm7629;1.3122757;0;1.5142957429
ivm7633;1.9684136;0;1.5911569459
ivm764;3.2806893;4.4732722;2.3422464844
ivm7641;1.3122757;0;1.1704333563
ivm765;0;1.4910907;1.025197025
ivm7654;1.3122757;0;1.2027569397
ivm7655;2.6245514;0;1.6437223423
ivm7660;1.3122757;0;1.0643301523
ivm7666;1.3122757;0;1.1123388237
ivm7668;1.3122757;0;1.3156696876
ivm767;2.6245514;4.4732722;1.6122241795
ivm768;1.3122757;2.9821815;1.1183903519
ivm7683;1.3122757;0;1.1994806225
ivm7684;2.6245514;0;1.5458961938
ivm769;3.936827;7.455453;3.8171152762
ivm7692;0;1.4910907;1.025197025
ivm7693;0;1.4910907;1.025197025
ivm7696;0;1.4910907;1.025197025
ivm7698;0;1.4910907;1.025197025
ivm7699;0;1.4910907;1.025197025
ivm770;0;1.4910907;1.025197025
ivm7701;0;1.4910907;1.025197025
ivm7709;2.6245514;0;1.5458961938
ivm7715;1.3122757;0;1.1886726426
ivm7718;1.9684136;0;2.1870876754
ivm772;1.3122757;2.9821815;1.0811130211
ivm7720;1.3122757;0;1.2598857448
ivm773;2.6245514;1.4910907;1.3001086521
ivm7741;3.2806893;0;2.6209813659
ivm7745;3.936827;0;1.9810635385
ivm776;0;1.4910907;1.025197025
ivm7765;1.3122757;0;1.1478987277
ivm7767;1.3122757;0;1.2028472674
ivm7776;1.9684136;0;1.8934492175
ivm7777;1.3122757;0;1.3539746499
ivm7779;2.6245514;0;1.7818899799
ivm778;1.9684136;0;2.3323240067
ivm7782;1.3122757;0;1.1744102751
ivm779;1.3122757;1.4910907;1.1994806225
ivm7791;1.9684136;0;1.7038188404
ivm7797;1.3122757;0;1.5142957429
ivm780;1.9684136;2.9821815;1.2562784113
ivm7804;2.6245514;0;1.7450411947
ivm7807;1.3122757;0;1.1496853089
ivm781;0;1.4910907;1.025197025
ivm7810;1.9684136;0;1.6051604214
ivm7815;1.9684136;0;1.1484278515
ivm7817;1.3122757;0;1.2530086905
ivm7819;1.3122757;0;1.2572899361
ivm7822;1.3122757;0;1.1704333563
ivm7823;7.2175164;0;7.578817535
ivm7832;1.3122757;0;1.1496853089
ivm7834;1.3122757;0;1.1992283265
ivm7836;1.3122757;0;1.2427984426
ivm784;0;1.4910907;1.025197025
ivm7842;1.9684136;0;1.1958147737
ivm7853;1.3122757;0;1.1886726426
ivm7860;0;1.4910907;1.025197025
ivm7864;0;1.4910907;1.025197025
ivm7867;1.3122757;1.4910907;1.3156696876
ivm7868;0;1.4910907;1.025197025
ivm7869;0;1.4910907;1.025197025
ivm787;0;1.4910907;1.025197025
ivm7870;0;1.4910907;1.025197025
ivm7871;0;1.4910907;1.025197025
ivm7876;1.3122757;0;1.3156696876
ivm7885;5.249103;0;3.1402272507
ivm789;0;1.4910907;1.025197025
ivm7894;1.3122757;0;1.2034746715
ivm7900;1.3122757;0;1.0643301523
ivm791;0;1.4910907;1.025197025
ivm7911;2.6245514;0;1.9474478149
ivm792;2.6245514;4.4732722;2.8101971152
ivm7925;0;1.4910907;1.025197025
ivm793;1.9684136;2.9821815;1.5232228444
ivm7930;0;1.4910907;1.025197025
ivm7931;0;1.4910907;1.025197025
ivm7932;0;1.4910907;1.025197025
ivm7933;0;1.4910907;1.025197025
ivm7935;0;1.4910907;1.025197025
ivm7939;1.3122757;0;1.6682632747
ivm794;0;1.4910907;1.025197025
ivm7941;1.9684136;0;3.1295123665
ivm7948;2.6245514;0;1.7096232578
ivm795;1.3122757;1.4910907;1.3156696876
ivm7952;1.3122757;0;1.548634904
ivm7963;1.3122757;0;1.4609060189
ivm797;1.3122757;1.4910907;1.4609060189
ivm7973;1.3122757;0;1.2507041699
ivm7983;1.3122757;0;1.0665213033
ivm7990;2.6245514;0;3.0792931052
ivm7991;1.9684136;0;1.8748296492
ivm7992;1.3122757;0;1.0910879568
ivm7995;1.9684136;0;1.7713487416
ivm7997;3.2806893;0;3.5122587689
ivm7999;4.592965;0;2.6086693617
ivm8;0;1.4910907;1.025197025
ivm80;1.3122757;1.4910907;1.3156696876
ivm800;0;1.4910907;1.025197025
ivm801;1.3122757;1.4910907;1.0445618691
ivm8014;1.3122757;0;1.1038667188
ivm8019;1.3122757;0;1.1496853089
ivm8029;1.3122757;0;1.4018434776
ivm803;0;1.4910907;1.025197025
ivm8037;3.936827;0;3.2037419945
ivm8043;3.936827;0;3.1535473735
ivm805;0;1.4910907;1.025197025
ivm8053;1.3122757;0;1.0643301523
ivm806;3.2806893;2.9821815;1.4100041526
ivm807;0;1.4910907;1.025197025
ivm808;0;1.4910907;1.025197025
ivm8080;1.3122757;0;1.1994806225
ivm8096;0;1.4910907;1.025197025
ivm8099;0;1.4910907;1.025197025
ivm81;0;1.4910907;1.025197025
ivm810;0;1.4910907;1.025197025
ivm8100;0;1.4910907;1.025197025
ivm8101;0;1.4910907;1.025197025
ivm8102;0;1.4910907;1.025197025
ivm8103;0;1.4910907;1.025197025
ivm8104;0;1.4910907;1.025197025
ivm8108;1.9684136;0;2.1144695097
ivm811;1.3122757;2.9821815;1.3908616284
ivm8113;3.2806893;0;2.5313656079
ivm812;1.3122757;1.4910907;1.4609060189
ivm813;0;1.4910907;1.025197025
ivm814;1.3122757;0;1.4609060189
ivm8147;2.6245514;0;3.1021399985
ivm8148;1.3122757;0;1.1994806225
ivm815;0;1.4910907;1.025197025
ivm8156;1.3122757;0;1.2615440406
ivm816;1.3122757;1.4910907;1.3156696876
ivm8160;1.3122757;0;1.3356397477
ivm817;0;1.4910907;1.025197025
ivm8170;3.936827;0;2.6387962544
ivm8172;1.3122757;0;1.0450019792
ivm8173;5.9052407;0;2.7693014844
ivm8174;1.3122757;0;1.0426253847
ivm8177;1.9684136;0;1.6787605158
ivm818;0;1.4910907;1.025197025
ivm8180;1.3122757;0;1.2430515219
ivm8184;1.3122757;0;1.5534942447
ivm8188;1.3122757;0;1.1123388237
ivm819;1.9684136;1.4910907;1.4609060189
ivm8192;1.3122757;0;1.2427984426
ivm8195;1.3122757;0;1.1496853089
ivm82;0;1.4910907;1.025197025
ivm820;0;1.4910907;1.025197025
ivm8201;1.9684136;0;2.3323240067
ivm8206;1.9684136;0;1.7744002858
ivm821;0;1.4910907;1.025197025
ivm8224;1.3122757;0;1.1220212458
ivm8226;2.6245514;0;1.4264988916
ivm8227;1.9684136;0;1.7875467737
ivm823;1.9684136;2.9821815;1.3269255162
ivm8232;1.3122757;0;1.2430515219
ivm8233;1.3122757;0;1.0545019694
ivm824;1.3122757;2.9821815;1.2321588401
ivm825;0;1.4910907;1.025197025
ivm8250;2.6245514;0;1.8239103549
ivm8252;1.3122757;0;1.3156696876
ivm8261;3.2806893;0;2.3802041923
ivm8264;1.3122757;0;1.4018434776
ivm8266;1.9684136;0;1.1817437429
ivm8283;1.3122757;0;1.1704333563
ivm8287;2.6245514;0;2.4085734682
ivm8289;1.3122757;0;1.4609060189
ivm829;1.3122757;1.4910907;1.4609060189
ivm8290;1.3122757;0;1.2430515219
ivm830;4.592965;8.9465444;2.8596726767
ivm831;0;1.4910907;1.025197025
ivm8310;1.9684136;0;1.3362448489
ivm8318;3.2806893;0;3.0710329363
ivm832;1.3122757;1.4910907;1.8966150128
ivm8320;2.6245514;0;1.903177818
ivm8322;1.3122757;0;1.0542442912
ivm8323;1.3122757;0;1.0542442912
ivm8329;2.6245514;0;1.8947997094
ivm833;3.936827;7.455453;3.2648557533
ivm8337;2.6245514;0;2.5066076043
ivm8338;1.3122757;0;1.2530086905
ivm834;0;1.4910907;1.025197025
ivm8341;1.9684136;0;1.5423292458
ivm8343;1.3122757;0;1.2028472674
ivm835;1.3122757;1.4910907;1.8966150128
ivm8350;1.3122757;0;1.1994806225
ivm836;3.2806893;5.964363;2.1894003643
ivm837;3.936827;5.964363;2.1307280293
ivm8371;1.3122757;0;1.1160617035
ivm8373;4.592965;0;10.9737908175
ivm838;1.3122757;1.4910907;1.4609060189
ivm8381;1.3122757;0;1.1744102751
ivm8386;1.3122757;0;1.2430515219
ivm839;1.9684136;4.4732722;1.7851462821
ivm8391;0;1.4910907;1.025197025
ivm8393;0;1.4910907;1.025197025
ivm8394;0;1.4910907;1.025197025
ivm8395;0;1.4910907;1.025197025
ivm8396;0;1.4910907;1.025197025
ivm8397;0;1.4910907;1.025197025
ivm840;0;1.4910907;1.025197025
ivm8401;0;1.4910907;1.025197025
ivm8404;0;1.4910907;1.025197025
ivm8406;0;1.4910907;1.025197025
ivm8408;0;1.4910907;1.025197025
ivm8409;0;1.4910907;1.025197025
ivm8414;0;1.4910907;1.025197025
ivm8415;0;1.4910907;1.025197025
ivm8416;0;1.4910907;1.025197025
ivm8418;0;1.4910907;1.025197025
ivm8419;0;1.4910907;1.025197025
ivm842;0;1.4910907;1.025197025
ivm8420;0;1.4910907;1.025197025
ivm8421;0;1.4910907;1.025197025
ivm8422;0;1.4910907;1.025197025
ivm8423;0;1.4910907;1.025197025
ivm8424;0;1.4910907;1.025197025
ivm8425;0;1.4910907;1.025197025
ivm843;0;1.4910907;1.025197025
ivm845;1.9684136;1.4910907;2.3323240067
ivm848;0;1.4910907;1.025197025
ivm849;1.9684136;0;2.1870876754
ivm850;1.3122757;1.4910907;1.0445618691
ivm851;0;1.4910907;1.025197025
ivm852;0;1.4910907;1.025197025
ivm854;0;1.4910907;1.025197025
ivm855;0;1.4910907;1.025197025
ivm856;0;1.4910907;1.025197025
ivm858;0;1.4910907;1.025197025
ivm86;0;1.4910907;1.025197025
ivm860;1.9684136;2.9821815;1.8121789374
ivm861;1.3122757;1.4910907;1.2430515219
ivm863;0;1.4910907;1.025197025
ivm864;0;1.4910907;1.025197025
ivm865;3.2806893;1.4910907;1.6642368827
ivm867;0;1.4910907;1.025197025
ivm869;1.9684136;4.4732722;1.2922299284
ivm870;1.9684136;1.4910907;2.0418513441
ivm871;1.9684136;4.4732722;2.2725105456
ivm874;0;1.4910907;1.025197025
ivm875;1.3122757;0;1.0643301523
ivm877;0;1.4910907;1.025197025
ivm878;1.3122757;2.9821815;1.087349639
ivm879;0;1.4910907;1.025197025
ivm880;0;1.4910907;1.025197025
ivm881;2.6245514;2.9821815;1.9789156579
ivm883;1.3122757;2.9821815;1.7065977521
ivm885;1.3122757;1.4910907;1.1341242734
ivm887;1.3122757;2.9821815;1.2697502431
ivm888;1.3122757;2.9821815;1.0811130211
ivm889;0;1.4910907;1.025197025
ivm890;5.249103;5.964363;6.2254393902
ivm891;1.3122757;1.4910907;1.4609060189
ivm892;0;1.4910907;1.025197025
ivm893;1.3122757;1.4910907;1.4609060189
ivm895;1.3122757;1.4910907;1.2430515219
ivm896;3.2806893;7.455453;1.6493438428
ivm897;0;1.4910907;1.025197025
ivm898;1.9684136;0;2.1873420677
ivm899;0;1.4910907;1.025197025
ivm9;1.3122757;2.9821815;1.1897405488
ivm901;1.3122757;2.9821815;1.7463813361
ivm903;3.2806893;2.9821815;2.5465477246
ivm904;0;1.4910907;1.025197025
ivm905;0;1.4910907;1.025197025
ivm906;1.3122757;1.4910907;1.3156696876
ivm907;0;1.4910907;1.025197025
ivm908;1.3122757;1.4910907;1.1994806225
ivm909;0;1.4910907;1.025197025
ivm91;2.6245514;2.9821815;2.0466928422
ivm910;0;1.4910907;1.025197025
ivm911;0;1.4910907;1.025197025
ivm912;3.936827;0;3.3660425215
ivm913;0;1.4910907;1.025197025
ivm917;3.2806893;2.9821815;2.3341545029
ivm918;0;1.4910907;1.025197025
ivm919;1.9684136;2.9821815;3.1528609494
ivm92;0;1.4910907;1.025197025
ivm921;1.3122757;2.9821815;1.2012960982
ivm922;2.6245514;1.4910907;2.6227966693
ivm923;0;1.4910907;1.025197025
ivm924;0;1.4910907;1.025197025
ivm926;1.3122757;1.4910907;1.3156696876
ivm927;0;1.4910907;1.025197025
ivm930;0;1.4910907;1.025197025
ivm933;0;1.4910907;1.025197025
ivm935;1.3122757;1.4910907;1.2430515219
ivm938;1.9684136;2.9821815;2.2070577356
ivm939;0;1.4910907;1.025197025
ivm94;2.6245514;2.9821815;1.8131041654
ivm941;0;1.4910907;1.025197025
ivm942;0;1.4910907;1.025197025
ivm943;0;1.4910907;1.025197025
ivm944;0;1.4910907;1.025197025
ivm945;0;1.4910907;1.025197025
ivm947;0;1.4910907;1.025197025
ivm949;1.3122757;2.9821815;1.2527340014
ivm951;0;1.4910907;1.025197025
ivm952;0;1.4910907;1.025197025
ivm953;3.936827;5.964363;5.8071041375
ivm954;0;1.4910907;1.025197025
ivm956;0;1.4910907;1.025197025
ivm957;0;1.4910907;1.025197025
ivm958;7.873654;8.9465444;3.9662677494
ivm959;2.6245514;0;5.1851300267
ivm96;0;1.4910907;1.025197025
ivm960;0;1.4910907;1.025197025
ivm961;1.9684136;2.9821815;1.8070056387
ivm962;0;1.4910907;1.025197025
ivm964;3.2806893;4.4732722;2.158312841
ivm965;1.9684136;0;2.0676314896
ivm966;1.9684136;2.9821815;2.266967916
ivm967;1.9684136;1.4910907;1.2793606047
ivm969;1.9684136;0;3.1376602993
ivm97;0;1.4910907;1.025197025
ivm970;0;1.4910907;1.025197025
ivm971;0;1.4910907;1.025197025
ivm972;0;1.4910907;1.025197025
ivm973;0;1.4910907;1.025197025
ivm974;1.3122757;0;4.4831835525
ivm975;0;1.4910907;1.025197025
ivm977;2.6245514;2.9821815;2.2201289537
ivm979;2.6245514;4.4732722;2.8067629186
ivm980;1.3122757;1.4910907;1.8966150128
ivm981;1.9684136;1.4910907;1.7513786815
ivm983;9.18593;13.419817;6.3174179323
ivm984;0;1.4910907;1.025197025
ivm985;1.9684136;2.9821815;1.6884429953
ivm986;1.3122757;2.9821815;1.2905801531
ivm987;0;1.4910907;1.025197025
ivm988;0;1.4910907;1.025197025
ivm99;0;1.4910907;1.025197025
ivm990;2.6245514;4.4732722;1.6551980801
ivm992;0;1.4910907;1.025197025
ivm993;0;1.4910907;1.025197025
ivm995;4.592965;4.4732722;4.7133512073
ivm998;0;1.4910907;1.025197025
